2026-06-06 17:39:24,904 INFO o.a.j.u.JMeterUtils: Setting Locale to en_EN
2026-06-06 17:39:24,912 INFO o.a.j.JMeter: Loading user properties from: /opt/homebrew/Cellar/jmeter/5.6.3/libexec/bin/user.properties
2026-06-06 17:39:24,912 INFO o.a.j.JMeter: Loading system properties from: /opt/homebrew/Cellar/jmeter/5.6.3/libexec/bin/system.properties
2026-06-06 17:39:24,912 INFO o.a.j.JMeter: Setting JMeter property: threads=1000
2026-06-06 17:39:24,912 INFO o.a.j.JMeter: Setting JMeter property: ramp=30
2026-06-06 17:39:24,912 INFO o.a.j.JMeter: Setting JMeter property: duration=60
2026-06-06 17:39:24,912 INFO o.a.j.JMeter: Setting JMeter property: code=00003k
2026-06-06 17:39:24,914 INFO o.a.j.JMeter: Copyright (c) 1998-2024 The Apache Software Foundation
2026-06-06 17:39:24,914 INFO o.a.j.JMeter: Version 5.6.3
2026-06-06 17:39:24,915 INFO o.a.j.JMeter: java.version=21.0.9
2026-06-06 17:39:24,915 INFO o.a.j.JMeter: java.vm.name=OpenJDK 64-Bit Server VM
2026-06-06 17:39:24,915 INFO o.a.j.JMeter: os.name=Mac OS X
2026-06-06 17:39:24,915 INFO o.a.j.JMeter: os.arch=aarch64
2026-06-06 17:39:24,915 INFO o.a.j.JMeter: os.version=26.0.1
2026-06-06 17:39:24,915 INFO o.a.j.JMeter: file.encoding=UTF-8
2026-06-06 17:39:24,915 INFO o.a.j.JMeter: java.awt.headless=true
2026-06-06 17:39:24,915 INFO o.a.j.JMeter: Max memory     =1073741824
2026-06-06 17:39:24,915 INFO o.a.j.JMeter: Available Processors =10
2026-06-06 17:39:24,918 INFO o.a.j.JMeter: Default Locale=English (EN)
2026-06-06 17:39:24,919 INFO o.a.j.JMeter: JMeter  Locale=English (EN)
2026-06-06 17:39:24,919 INFO o.a.j.JMeter: JMeterHome=/opt/homebrew/Cellar/jmeter/5.6.3/libexec
2026-06-06 17:39:24,919 INFO o.a.j.JMeter: user.dir  =/Users/shankarkumar/urlshortener
2026-06-06 17:39:24,919 INFO o.a.j.JMeter: PWD       =/Users/shankarkumar/urlshortener
2026-06-06 17:39:24,920 INFO o.a.j.JMeter: IP: 127.0.0.1 Name: Shankars-Mac.local FullName: localhost
2026-06-06 17:39:24,926 INFO o.a.j.s.FileServer: Default base='/Users/shankarkumar/urlshortener'
2026-06-06 17:39:24,926 INFO o.a.j.s.FileServer: Set new base='/Users/shankarkumar/urlshortener/load-test'
2026-06-06 17:39:24,997 INFO o.a.j.s.SaveService: Testplan (JMX) version: 2.2. Testlog (JTL) version: 2.2
2026-06-06 17:39:25,011 INFO o.a.j.s.SaveService: Using SaveService properties version 5.0
2026-06-06 17:39:25,012 INFO o.a.j.s.SaveService: Using SaveService properties file encoding UTF-8
2026-06-06 17:39:25,013 INFO o.a.j.s.SaveService: Loading file: load-test/redirect_test.jmx
2026-06-06 17:39:25,036 INFO o.a.j.p.h.s.HTTPSamplerBase: Parser for text/html is org.apache.jmeter.protocol.http.parser.LagartoBasedHtmlParser
2026-06-06 17:39:25,036 INFO o.a.j.p.h.s.HTTPSamplerBase: Parser for application/xhtml+xml is org.apache.jmeter.protocol.http.parser.LagartoBasedHtmlParser
2026-06-06 17:39:25,036 INFO o.a.j.p.h.s.HTTPSamplerBase: Parser for application/xml is org.apache.jmeter.protocol.http.parser.LagartoBasedHtmlParser
2026-06-06 17:39:25,036 INFO o.a.j.p.h.s.HTTPSamplerBase: Parser for text/xml is org.apache.jmeter.protocol.http.parser.LagartoBasedHtmlParser
2026-06-06 17:39:25,036 INFO o.a.j.p.h.s.HTTPSamplerBase: Parser for text/vnd.wap.wml is org.apache.jmeter.protocol.http.parser.RegexpHTMLParser
2026-06-06 17:39:25,036 INFO o.a.j.p.h.s.HTTPSamplerBase: Parser for text/css is org.apache.jmeter.protocol.http.parser.CssParser
2026-06-06 17:39:25,038 INFO o.a.j.JMeter: Creating summariser <summary>
2026-06-06 17:39:25,045 INFO o.a.j.e.StandardJMeterEngine: Running the test!
2026-06-06 17:39:25,046 INFO o.a.j.s.SampleEvent: List of sample_variables: []
2026-06-06 17:39:25,046 INFO o.a.j.s.SampleEvent: List of sample_variables: []
2026-06-06 17:39:25,048 INFO o.a.j.e.u.CompoundVariable: Note: Function class names must contain the string: '.functions.'
2026-06-06 17:39:25,048 INFO o.a.j.e.u.CompoundVariable: Note: Function class names must not contain the string: '.gui.'
2026-06-06 17:39:25,068 INFO o.a.j.r.ClassFinder: Will scan jar /opt/homebrew/Cellar/jmeter/5.6.3/libexec/lib/ext/jmeter-plugins-manager-1.9.jar with filter ExtendsClassFilter [parents=[interface org.apache.jmeter.functions.Function], inner=false, contains=null, notContains=null]. Consider exposing JMeter plugins via META-INF/services, and add JMeter-Skip-Class-Scanning=true manifest attribute so JMeter can skip classfile scanning
2026-06-06 17:39:25,103 INFO o.a.j.JMeter: Running test (1780747765103)
2026-06-06 17:39:25,110 INFO o.a.j.e.StandardJMeterEngine: Starting ThreadGroup: 1 : Users
2026-06-06 17:39:25,110 INFO o.a.j.e.StandardJMeterEngine: Starting 1000 threads for group Users.
2026-06-06 17:39:25,110 INFO o.a.j.e.StandardJMeterEngine: Thread will continue on error
2026-06-06 17:39:25,110 INFO o.a.j.t.ThreadGroup: Starting thread group... number=1 threads=1000 ramp-up=30 delayedStart=false
2026-06-06 17:39:25,112 INFO o.a.j.t.JMeterThread: Thread started: Users 1-1
2026-06-06 17:39:25,119 INFO o.a.j.p.h.s.HTTPHCAbstractImpl: Local host = Shankars-Mac.local
2026-06-06 17:39:25,121 INFO o.a.j.p.h.s.HTTPHC4Impl: HTTP request retry count = 0
2026-06-06 17:39:25,122 INFO o.a.j.s.SampleResult: Note: Sample TimeStamps are START times
2026-06-06 17:39:25,122 INFO o.a.j.s.SampleResult: sampleresult.default.encoding is set to UTF-8
2026-06-06 17:39:25,122 INFO o.a.j.s.SampleResult: sampleresult.useNanoTime=true
2026-06-06 17:39:25,122 INFO o.a.j.s.SampleResult: sampleresult.nanoThreadSleep=5000
2026-06-06 17:39:25,146 INFO o.a.j.t.JMeterThread: Thread started: Users 1-2
2026-06-06 17:39:25,175 INFO o.a.j.t.JMeterThread: Thread started: Users 1-3
2026-06-06 17:39:25,205 INFO o.a.j.t.JMeterThread: Thread started: Users 1-4
2026-06-06 17:39:25,209 INFO o.a.j.t.ThreadGroup: Started thread group number 1
2026-06-06 17:39:25,209 INFO o.a.j.e.StandardJMeterEngine: All thread groups have been started
2026-06-06 17:39:25,234 INFO o.a.j.t.JMeterThread: Thread started: Users 1-5
2026-06-06 17:39:25,261 INFO o.a.j.t.JMeterThread: Thread started: Users 1-6
2026-06-06 17:39:25,295 INFO o.a.j.t.JMeterThread: Thread started: Users 1-7
2026-06-06 17:39:25,325 INFO o.a.j.t.JMeterThread: Thread started: Users 1-8
2026-06-06 17:39:25,352 INFO o.a.j.t.JMeterThread: Thread started: Users 1-9
2026-06-06 17:39:25,381 INFO o.a.j.t.JMeterThread: Thread started: Users 1-10
2026-06-06 17:39:25,410 INFO o.a.j.t.JMeterThread: Thread started: Users 1-11
2026-06-06 17:39:25,444 INFO o.a.j.t.JMeterThread: Thread started: Users 1-12
2026-06-06 17:39:25,473 INFO o.a.j.t.JMeterThread: Thread started: Users 1-13
2026-06-06 17:39:25,501 INFO o.a.j.t.JMeterThread: Thread started: Users 1-14
2026-06-06 17:39:25,534 INFO o.a.j.t.JMeterThread: Thread started: Users 1-15
2026-06-06 17:39:25,565 INFO o.a.j.t.JMeterThread: Thread started: Users 1-16
2026-06-06 17:39:25,594 INFO o.a.j.t.JMeterThread: Thread started: Users 1-17
2026-06-06 17:39:25,622 INFO o.a.j.t.JMeterThread: Thread started: Users 1-18
2026-06-06 17:39:25,653 INFO o.a.j.t.JMeterThread: Thread started: Users 1-19
2026-06-06 17:39:25,682 INFO o.a.j.t.JMeterThread: Thread started: Users 1-20
2026-06-06 17:39:25,712 INFO o.a.j.t.JMeterThread: Thread started: Users 1-21
2026-06-06 17:39:25,741 INFO o.a.j.t.JMeterThread: Thread started: Users 1-22
2026-06-06 17:39:25,774 INFO o.a.j.t.JMeterThread: Thread started: Users 1-23
2026-06-06 17:39:25,803 INFO o.a.j.t.JMeterThread: Thread started: Users 1-24
2026-06-06 17:39:25,834 INFO o.a.j.t.JMeterThread: Thread started: Users 1-25
2026-06-06 17:39:25,861 INFO o.a.j.t.JMeterThread: Thread started: Users 1-26
2026-06-06 17:39:25,891 INFO o.a.j.t.JMeterThread: Thread started: Users 1-27
2026-06-06 17:39:25,920 INFO o.a.j.t.JMeterThread: Thread started: Users 1-28
2026-06-06 17:39:25,951 INFO o.a.j.t.JMeterThread: Thread started: Users 1-29
2026-06-06 17:39:25,982 INFO o.a.j.t.JMeterThread: Thread started: Users 1-30
2026-06-06 17:39:26,012 INFO o.a.j.t.JMeterThread: Thread started: Users 1-31
2026-06-06 17:39:26,041 INFO o.a.j.t.JMeterThread: Thread started: Users 1-32
2026-06-06 17:39:26,072 INFO o.a.j.t.JMeterThread: Thread started: Users 1-33
2026-06-06 17:39:26,100 INFO o.a.j.t.JMeterThread: Thread started: Users 1-34
2026-06-06 17:39:26,131 INFO o.a.j.t.JMeterThread: Thread started: Users 1-35
2026-06-06 17:39:26,161 INFO o.a.j.t.JMeterThread: Thread started: Users 1-36
2026-06-06 17:39:26,190 INFO o.a.j.t.JMeterThread: Thread started: Users 1-37
2026-06-06 17:39:26,223 INFO o.a.j.t.JMeterThread: Thread started: Users 1-38
2026-06-06 17:39:26,250 INFO o.a.j.t.JMeterThread: Thread started: Users 1-39
2026-06-06 17:39:26,283 INFO o.a.j.t.JMeterThread: Thread started: Users 1-40
2026-06-06 17:39:26,314 INFO o.a.j.t.JMeterThread: Thread started: Users 1-41
2026-06-06 17:39:26,343 INFO o.a.j.t.JMeterThread: Thread started: Users 1-42
2026-06-06 17:39:26,371 INFO o.a.j.t.JMeterThread: Thread started: Users 1-43
2026-06-06 17:39:26,404 INFO o.a.j.t.JMeterThread: Thread started: Users 1-44
2026-06-06 17:39:26,433 INFO o.a.j.t.JMeterThread: Thread started: Users 1-45
2026-06-06 17:39:26,464 INFO o.a.j.t.JMeterThread: Thread started: Users 1-46
2026-06-06 17:39:26,494 INFO o.a.j.t.JMeterThread: Thread started: Users 1-47
2026-06-06 17:39:26,523 INFO o.a.j.t.JMeterThread: Thread started: Users 1-48
2026-06-06 17:39:26,552 INFO o.a.j.t.JMeterThread: Thread started: Users 1-49
2026-06-06 17:39:26,583 INFO o.a.j.t.JMeterThread: Thread started: Users 1-50
2026-06-06 17:39:26,613 INFO o.a.j.t.JMeterThread: Thread started: Users 1-51
2026-06-06 17:39:26,645 INFO o.a.j.t.JMeterThread: Thread started: Users 1-52
2026-06-06 17:39:26,671 INFO o.a.j.t.JMeterThread: Thread started: Users 1-53
2026-06-06 17:39:26,702 INFO o.a.j.t.JMeterThread: Thread started: Users 1-54
2026-06-06 17:39:26,733 INFO o.a.j.t.JMeterThread: Thread started: Users 1-55
2026-06-06 17:39:26,761 INFO o.a.j.t.JMeterThread: Thread started: Users 1-56
2026-06-06 17:39:26,790 INFO o.a.j.t.JMeterThread: Thread started: Users 1-57
2026-06-06 17:39:26,822 INFO o.a.j.t.JMeterThread: Thread started: Users 1-58
2026-06-06 17:39:26,851 INFO o.a.j.t.JMeterThread: Thread started: Users 1-59
2026-06-06 17:39:26,884 INFO o.a.j.t.JMeterThread: Thread started: Users 1-60
2026-06-06 17:39:26,910 INFO o.a.j.t.JMeterThread: Thread started: Users 1-61
2026-06-06 17:39:26,942 INFO o.a.j.t.JMeterThread: Thread started: Users 1-62
2026-06-06 17:39:26,971 INFO o.a.j.t.JMeterThread: Thread started: Users 1-63
2026-06-06 17:39:27,005 INFO o.a.j.t.JMeterThread: Thread started: Users 1-64
2026-06-06 17:39:27,030 INFO o.a.j.t.JMeterThread: Thread started: Users 1-65
2026-06-06 17:39:27,061 INFO o.a.j.t.JMeterThread: Thread started: Users 1-66
2026-06-06 17:39:27,094 INFO o.a.j.t.JMeterThread: Thread started: Users 1-67
2026-06-06 17:39:27,120 INFO o.a.j.t.JMeterThread: Thread started: Users 1-68
2026-06-06 17:39:27,150 INFO o.a.j.t.JMeterThread: Thread started: Users 1-69
2026-06-06 17:39:27,185 INFO o.a.j.t.JMeterThread: Thread started: Users 1-70
2026-06-06 17:39:27,210 INFO o.a.j.t.JMeterThread: Thread started: Users 1-71
2026-06-06 17:39:27,241 INFO o.a.j.t.JMeterThread: Thread started: Users 1-72
2026-06-06 17:39:27,275 INFO o.a.j.t.JMeterThread: Thread started: Users 1-73
2026-06-06 17:39:27,304 INFO o.a.j.t.JMeterThread: Thread started: Users 1-74
2026-06-06 17:39:27,334 INFO o.a.j.t.JMeterThread: Thread started: Users 1-75
2026-06-06 17:39:27,363 INFO o.a.j.t.JMeterThread: Thread started: Users 1-76
2026-06-06 17:39:27,390 INFO o.a.j.t.JMeterThread: Thread started: Users 1-77
2026-06-06 17:39:27,421 INFO o.a.j.t.JMeterThread: Thread started: Users 1-78
2026-06-06 17:39:27,451 INFO o.a.j.t.JMeterThread: Thread started: Users 1-79
2026-06-06 17:39:27,484 INFO o.a.j.t.JMeterThread: Thread started: Users 1-80
2026-06-06 17:39:27,512 INFO o.a.j.t.JMeterThread: Thread started: Users 1-81
2026-06-06 17:39:27,541 INFO o.a.j.t.JMeterThread: Thread started: Users 1-82
2026-06-06 17:39:27,571 INFO o.a.j.t.JMeterThread: Thread started: Users 1-83
2026-06-06 17:39:27,600 INFO o.a.j.t.JMeterThread: Thread started: Users 1-84
2026-06-06 17:39:27,631 INFO o.a.j.t.JMeterThread: Thread started: Users 1-85
2026-06-06 17:39:27,661 INFO o.a.j.t.JMeterThread: Thread started: Users 1-86
2026-06-06 17:39:27,691 INFO o.a.j.t.JMeterThread: Thread started: Users 1-87
2026-06-06 17:39:27,721 INFO o.a.j.t.JMeterThread: Thread started: Users 1-88
2026-06-06 17:39:27,754 INFO o.a.j.t.JMeterThread: Thread started: Users 1-89
2026-06-06 17:39:27,781 INFO o.a.j.t.JMeterThread: Thread started: Users 1-90
2026-06-06 17:39:27,811 INFO o.a.j.t.JMeterThread: Thread started: Users 1-91
2026-06-06 17:39:27,842 INFO o.a.j.t.JMeterThread: Thread started: Users 1-92
2026-06-06 17:39:27,871 INFO o.a.j.t.JMeterThread: Thread started: Users 1-93
2026-06-06 17:39:27,901 INFO o.a.j.t.JMeterThread: Thread started: Users 1-94
2026-06-06 17:39:27,933 INFO o.a.j.t.JMeterThread: Thread started: Users 1-95
2026-06-06 17:39:27,963 INFO o.a.j.t.JMeterThread: Thread started: Users 1-96
2026-06-06 17:39:27,991 INFO o.a.j.t.JMeterThread: Thread started: Users 1-97
2026-06-06 17:39:28,020 INFO o.a.j.t.JMeterThread: Thread started: Users 1-98
2026-06-06 17:39:28,051 INFO o.a.j.t.JMeterThread: Thread started: Users 1-99
2026-06-06 17:39:28,081 INFO o.a.j.t.JMeterThread: Thread started: Users 1-100
2026-06-06 17:39:28,110 INFO o.a.j.t.JMeterThread: Thread started: Users 1-101
2026-06-06 17:39:28,140 INFO o.a.j.t.JMeterThread: Thread started: Users 1-102
2026-06-06 17:39:28,174 INFO o.a.j.t.JMeterThread: Thread started: Users 1-103
2026-06-06 17:39:28,203 INFO o.a.j.t.JMeterThread: Thread started: Users 1-104
2026-06-06 17:39:28,231 INFO o.a.j.t.JMeterThread: Thread started: Users 1-105
2026-06-06 17:39:28,265 INFO o.a.j.t.JMeterThread: Thread started: Users 1-106
2026-06-06 17:39:28,292 INFO o.a.j.t.JMeterThread: Thread started: Users 1-107
2026-06-06 17:39:28,320 INFO o.a.j.t.JMeterThread: Thread started: Users 1-108
2026-06-06 17:39:28,352 INFO o.a.j.t.JMeterThread: Thread started: Users 1-109
2026-06-06 17:39:28,383 INFO o.a.j.t.JMeterThread: Thread started: Users 1-110
2026-06-06 17:39:28,411 INFO o.a.j.t.JMeterThread: Thread started: Users 1-111
2026-06-06 17:39:28,442 INFO o.a.j.t.JMeterThread: Thread started: Users 1-112
2026-06-06 17:39:28,473 INFO o.a.j.t.JMeterThread: Thread started: Users 1-113
2026-06-06 17:39:28,503 INFO o.a.j.t.JMeterThread: Thread started: Users 1-114
2026-06-06 17:39:28,533 INFO o.a.j.t.JMeterThread: Thread started: Users 1-115
2026-06-06 17:39:28,563 INFO o.a.j.t.JMeterThread: Thread started: Users 1-116
2026-06-06 17:39:28,594 INFO o.a.j.t.JMeterThread: Thread started: Users 1-117
2026-06-06 17:39:28,621 INFO o.a.j.t.JMeterThread: Thread started: Users 1-118
2026-06-06 17:39:28,652 INFO o.a.j.t.JMeterThread: Thread started: Users 1-119
2026-06-06 17:39:28,684 INFO o.a.j.t.JMeterThread: Thread started: Users 1-120
2026-06-06 17:39:28,711 INFO o.a.j.t.JMeterThread: Thread started: Users 1-121
2026-06-06 17:39:28,741 INFO o.a.j.t.JMeterThread: Thread started: Users 1-122
2026-06-06 17:39:28,771 INFO o.a.j.t.JMeterThread: Thread started: Users 1-123
2026-06-06 17:39:28,801 INFO o.a.j.t.JMeterThread: Thread started: Users 1-124
2026-06-06 17:39:28,831 INFO o.a.j.t.JMeterThread: Thread started: Users 1-125
2026-06-06 17:39:28,861 INFO o.a.j.t.JMeterThread: Thread started: Users 1-126
2026-06-06 17:39:28,890 INFO o.a.j.t.JMeterThread: Thread started: Users 1-127
2026-06-06 17:39:28,924 INFO o.a.j.t.JMeterThread: Thread started: Users 1-128
2026-06-06 17:39:28,951 INFO o.a.j.t.JMeterThread: Thread started: Users 1-129
2026-06-06 17:39:28,984 INFO o.a.j.t.JMeterThread: Thread started: Users 1-130
2026-06-06 17:39:29,010 INFO o.a.j.t.JMeterThread: Thread started: Users 1-131
2026-06-06 17:39:29,042 INFO o.a.j.t.JMeterThread: Thread started: Users 1-132
2026-06-06 17:39:29,074 INFO o.a.j.t.JMeterThread: Thread started: Users 1-133
2026-06-06 17:39:29,102 INFO o.a.j.t.JMeterThread: Thread started: Users 1-134
2026-06-06 17:39:29,130 INFO o.a.j.t.JMeterThread: Thread started: Users 1-135
2026-06-06 17:39:29,162 INFO o.a.j.t.JMeterThread: Thread started: Users 1-136
2026-06-06 17:39:29,190 INFO o.a.j.t.JMeterThread: Thread started: Users 1-137
2026-06-06 17:39:29,222 INFO o.a.j.t.JMeterThread: Thread started: Users 1-138
2026-06-06 17:39:29,252 INFO o.a.j.t.JMeterThread: Thread started: Users 1-139
2026-06-06 17:39:29,285 INFO o.a.j.t.JMeterThread: Thread started: Users 1-140
2026-06-06 17:39:29,314 INFO o.a.j.t.JMeterThread: Thread started: Users 1-141
2026-06-06 17:39:29,342 INFO o.a.j.t.JMeterThread: Thread started: Users 1-142
2026-06-06 17:39:29,375 INFO o.a.j.t.JMeterThread: Thread started: Users 1-143
2026-06-06 17:39:29,404 INFO o.a.j.t.JMeterThread: Thread started: Users 1-144
2026-06-06 17:39:29,433 INFO o.a.j.t.JMeterThread: Thread started: Users 1-145
2026-06-06 17:39:29,461 INFO o.a.j.t.JMeterThread: Thread started: Users 1-146
2026-06-06 17:39:29,492 INFO o.a.j.t.JMeterThread: Thread started: Users 1-147
2026-06-06 17:39:29,526 INFO o.a.j.t.JMeterThread: Thread started: Users 1-148
2026-06-06 17:39:29,554 INFO o.a.j.t.JMeterThread: Thread started: Users 1-149
2026-06-06 17:39:29,583 INFO o.a.j.t.JMeterThread: Thread started: Users 1-150
2026-06-06 17:39:29,613 INFO o.a.j.t.JMeterThread: Thread started: Users 1-151
2026-06-06 17:39:29,642 INFO o.a.j.t.JMeterThread: Thread started: Users 1-152
2026-06-06 17:39:29,671 INFO o.a.j.t.JMeterThread: Thread started: Users 1-153
2026-06-06 17:39:29,702 INFO o.a.j.t.JMeterThread: Thread started: Users 1-154
2026-06-06 17:39:29,734 INFO o.a.j.t.JMeterThread: Thread started: Users 1-155
2026-06-06 17:39:29,761 INFO o.a.j.t.JMeterThread: Thread started: Users 1-156
2026-06-06 17:39:29,793 INFO o.a.j.t.JMeterThread: Thread started: Users 1-157
2026-06-06 17:39:29,820 INFO o.a.j.t.JMeterThread: Thread started: Users 1-158
2026-06-06 17:39:29,853 INFO o.a.j.t.JMeterThread: Thread started: Users 1-159
2026-06-06 17:39:29,883 INFO o.a.j.t.JMeterThread: Thread started: Users 1-160
2026-06-06 17:39:29,911 INFO o.a.j.t.JMeterThread: Thread started: Users 1-161
2026-06-06 17:39:29,942 INFO o.a.j.t.JMeterThread: Thread started: Users 1-162
2026-06-06 17:39:29,972 INFO o.a.j.t.JMeterThread: Thread started: Users 1-163
2026-06-06 17:39:30,001 INFO o.a.j.t.JMeterThread: Thread started: Users 1-164
2026-06-06 17:39:30,002 INFO o.a.j.r.Summariser: summary +   3739 in 00:00:05 =  763.5/s Avg:   103 Min:     6 Max:   204 Err:     0 (0.00%) Active: 164 Started: 164 Finished: 0
2026-06-06 17:39:30,033 INFO o.a.j.t.JMeterThread: Thread started: Users 1-165
2026-06-06 17:39:30,062 INFO o.a.j.t.JMeterThread: Thread started: Users 1-166
2026-06-06 17:39:30,091 INFO o.a.j.t.JMeterThread: Thread started: Users 1-167
2026-06-06 17:39:30,126 INFO o.a.j.t.JMeterThread: Thread started: Users 1-168
2026-06-06 17:39:30,150 INFO o.a.j.t.JMeterThread: Thread started: Users 1-169
2026-06-06 17:39:30,185 INFO o.a.j.t.JMeterThread: Thread started: Users 1-170
2026-06-06 17:39:30,210 INFO o.a.j.t.JMeterThread: Thread started: Users 1-171
2026-06-06 17:39:30,241 INFO o.a.j.t.JMeterThread: Thread started: Users 1-172
2026-06-06 17:39:30,270 INFO o.a.j.t.JMeterThread: Thread started: Users 1-173
2026-06-06 17:39:30,303 INFO o.a.j.t.JMeterThread: Thread started: Users 1-174
2026-06-06 17:39:30,334 INFO o.a.j.t.JMeterThread: Thread started: Users 1-175
2026-06-06 17:39:30,361 INFO o.a.j.t.JMeterThread: Thread started: Users 1-176
2026-06-06 17:39:30,390 INFO o.a.j.t.JMeterThread: Thread started: Users 1-177
2026-06-06 17:39:30,420 INFO o.a.j.t.JMeterThread: Thread started: Users 1-178
2026-06-06 17:39:30,455 INFO o.a.j.t.JMeterThread: Thread started: Users 1-179
2026-06-06 17:39:30,484 INFO o.a.j.t.JMeterThread: Thread started: Users 1-180
2026-06-06 17:39:30,515 INFO o.a.j.t.JMeterThread: Thread started: Users 1-181
2026-06-06 17:39:30,540 INFO o.a.j.t.JMeterThread: Thread started: Users 1-182
2026-06-06 17:39:30,574 INFO o.a.j.t.JMeterThread: Thread started: Users 1-183
2026-06-06 17:39:30,601 INFO o.a.j.t.JMeterThread: Thread started: Users 1-184
2026-06-06 17:39:30,633 INFO o.a.j.t.JMeterThread: Thread started: Users 1-185
2026-06-06 17:39:30,661 INFO o.a.j.t.JMeterThread: Thread started: Users 1-186
2026-06-06 17:39:30,692 INFO o.a.j.t.JMeterThread: Thread started: Users 1-187
2026-06-06 17:39:30,724 INFO o.a.j.t.JMeterThread: Thread started: Users 1-188
2026-06-06 17:39:30,753 INFO o.a.j.t.JMeterThread: Thread started: Users 1-189
2026-06-06 17:39:30,785 INFO o.a.j.t.JMeterThread: Thread started: Users 1-190
2026-06-06 17:39:30,813 INFO o.a.j.t.JMeterThread: Thread started: Users 1-191
2026-06-06 17:39:30,843 INFO o.a.j.t.JMeterThread: Thread started: Users 1-192
2026-06-06 17:39:30,874 INFO o.a.j.t.JMeterThread: Thread started: Users 1-193
2026-06-06 17:39:30,900 INFO o.a.j.t.JMeterThread: Thread started: Users 1-194
2026-06-06 17:39:30,935 INFO o.a.j.t.JMeterThread: Thread started: Users 1-195
2026-06-06 17:39:30,962 INFO o.a.j.t.JMeterThread: Thread started: Users 1-196
2026-06-06 17:39:30,993 INFO o.a.j.t.JMeterThread: Thread started: Users 1-197
2026-06-06 17:39:31,025 INFO o.a.j.t.JMeterThread: Thread started: Users 1-198
2026-06-06 17:39:31,053 INFO o.a.j.t.JMeterThread: Thread started: Users 1-199
2026-06-06 17:39:31,084 INFO o.a.j.t.JMeterThread: Thread started: Users 1-200
2026-06-06 17:39:31,112 INFO o.a.j.t.JMeterThread: Thread started: Users 1-201
2026-06-06 17:39:31,143 INFO o.a.j.t.JMeterThread: Thread started: Users 1-202
2026-06-06 17:39:31,173 INFO o.a.j.t.JMeterThread: Thread started: Users 1-203
2026-06-06 17:39:31,201 INFO o.a.j.t.JMeterThread: Thread started: Users 1-204
2026-06-06 17:39:31,233 INFO o.a.j.t.JMeterThread: Thread started: Users 1-205
2026-06-06 17:39:31,261 INFO o.a.j.t.JMeterThread: Thread started: Users 1-206
2026-06-06 17:39:31,290 INFO o.a.j.t.JMeterThread: Thread started: Users 1-207
2026-06-06 17:39:31,320 INFO o.a.j.t.JMeterThread: Thread started: Users 1-208
2026-06-06 17:39:31,351 INFO o.a.j.t.JMeterThread: Thread started: Users 1-209
2026-06-06 17:39:31,383 INFO o.a.j.t.JMeterThread: Thread started: Users 1-210
2026-06-06 17:39:31,413 INFO o.a.j.t.JMeterThread: Thread started: Users 1-211
2026-06-06 17:39:31,441 INFO o.a.j.t.JMeterThread: Thread started: Users 1-212
2026-06-06 17:39:31,471 INFO o.a.j.t.JMeterThread: Thread started: Users 1-213
2026-06-06 17:39:31,501 INFO o.a.j.t.JMeterThread: Thread started: Users 1-214
2026-06-06 17:39:31,533 INFO o.a.j.t.JMeterThread: Thread started: Users 1-215
2026-06-06 17:39:31,563 INFO o.a.j.t.JMeterThread: Thread started: Users 1-216
2026-06-06 17:39:31,592 INFO o.a.j.t.JMeterThread: Thread started: Users 1-217
2026-06-06 17:39:31,621 INFO o.a.j.t.JMeterThread: Thread started: Users 1-218
2026-06-06 17:39:31,653 INFO o.a.j.t.JMeterThread: Thread started: Users 1-219
2026-06-06 17:39:31,686 INFO o.a.j.t.JMeterThread: Thread started: Users 1-220
2026-06-06 17:39:31,710 INFO o.a.j.t.JMeterThread: Thread started: Users 1-221
2026-06-06 17:39:31,741 INFO o.a.j.t.JMeterThread: Thread started: Users 1-222
2026-06-06 17:39:31,773 INFO o.a.j.t.JMeterThread: Thread started: Users 1-223
2026-06-06 17:39:31,800 INFO o.a.j.t.JMeterThread: Thread started: Users 1-224
2026-06-06 17:39:31,833 INFO o.a.j.t.JMeterThread: Thread started: Users 1-225
2026-06-06 17:39:31,864 INFO o.a.j.t.JMeterThread: Thread started: Users 1-226
2026-06-06 17:39:31,892 INFO o.a.j.t.JMeterThread: Thread started: Users 1-227
2026-06-06 17:39:31,922 INFO o.a.j.t.JMeterThread: Thread started: Users 1-228
2026-06-06 17:39:31,951 INFO o.a.j.t.JMeterThread: Thread started: Users 1-229
2026-06-06 17:39:31,983 INFO o.a.j.t.JMeterThread: Thread started: Users 1-230
2026-06-06 17:39:32,011 INFO o.a.j.t.JMeterThread: Thread started: Users 1-231
2026-06-06 17:39:32,040 INFO o.a.j.t.JMeterThread: Thread started: Users 1-232
2026-06-06 17:39:32,073 INFO o.a.j.t.JMeterThread: Thread started: Users 1-233
2026-06-06 17:39:32,105 INFO o.a.j.t.JMeterThread: Thread started: Users 1-234
2026-06-06 17:39:32,133 INFO o.a.j.t.JMeterThread: Thread started: Users 1-235
2026-06-06 17:39:32,161 INFO o.a.j.t.JMeterThread: Thread started: Users 1-236
2026-06-06 17:39:32,192 INFO o.a.j.t.JMeterThread: Thread started: Users 1-237
2026-06-06 17:39:32,224 INFO o.a.j.t.JMeterThread: Thread started: Users 1-238
2026-06-06 17:39:32,254 INFO o.a.j.t.JMeterThread: Thread started: Users 1-239
2026-06-06 17:39:32,281 INFO o.a.j.t.JMeterThread: Thread started: Users 1-240
2026-06-06 17:39:32,314 INFO o.a.j.t.JMeterThread: Thread started: Users 1-241
2026-06-06 17:39:32,342 INFO o.a.j.t.JMeterThread: Thread started: Users 1-242
2026-06-06 17:39:32,372 INFO o.a.j.t.JMeterThread: Thread started: Users 1-243
2026-06-06 17:39:32,405 INFO o.a.j.t.JMeterThread: Thread started: Users 1-244
2026-06-06 17:39:32,435 INFO o.a.j.t.JMeterThread: Thread started: Users 1-245
2026-06-06 17:39:32,462 INFO o.a.j.t.JMeterThread: Thread started: Users 1-246
2026-06-06 17:39:32,491 INFO o.a.j.t.JMeterThread: Thread started: Users 1-247
2026-06-06 17:39:32,522 INFO o.a.j.t.JMeterThread: Thread started: Users 1-248
2026-06-06 17:39:32,555 INFO o.a.j.t.JMeterThread: Thread started: Users 1-249
2026-06-06 17:39:32,583 INFO o.a.j.t.JMeterThread: Thread started: Users 1-250
2026-06-06 17:39:32,615 INFO o.a.j.t.JMeterThread: Thread started: Users 1-251
2026-06-06 17:39:32,642 INFO o.a.j.t.JMeterThread: Thread started: Users 1-252
2026-06-06 17:39:32,671 INFO o.a.j.t.JMeterThread: Thread started: Users 1-253
2026-06-06 17:39:32,701 INFO o.a.j.t.JMeterThread: Thread started: Users 1-254
2026-06-06 17:39:32,731 INFO o.a.j.t.JMeterThread: Thread started: Users 1-255
2026-06-06 17:39:32,762 INFO o.a.j.t.JMeterThread: Thread started: Users 1-256
2026-06-06 17:39:32,791 INFO o.a.j.t.JMeterThread: Thread started: Users 1-257
2026-06-06 17:39:32,820 INFO o.a.j.t.JMeterThread: Thread started: Users 1-258
2026-06-06 17:39:32,852 INFO o.a.j.t.JMeterThread: Thread started: Users 1-259
2026-06-06 17:39:32,884 INFO o.a.j.t.JMeterThread: Thread started: Users 1-260
2026-06-06 17:39:32,911 INFO o.a.j.t.JMeterThread: Thread started: Users 1-261
2026-06-06 17:39:32,943 INFO o.a.j.t.JMeterThread: Thread started: Users 1-262
2026-06-06 17:39:32,975 INFO o.a.j.t.JMeterThread: Thread started: Users 1-263
2026-06-06 17:39:33,002 INFO o.a.j.t.JMeterThread: Thread started: Users 1-264
2026-06-06 17:39:33,030 INFO o.a.j.t.JMeterThread: Thread started: Users 1-265
2026-06-06 17:39:33,064 INFO o.a.j.t.JMeterThread: Thread started: Users 1-266
2026-06-06 17:39:33,091 INFO o.a.j.t.JMeterThread: Thread started: Users 1-267
2026-06-06 17:39:33,122 INFO o.a.j.t.JMeterThread: Thread started: Users 1-268
2026-06-06 17:39:33,151 INFO o.a.j.t.JMeterThread: Thread started: Users 1-269
2026-06-06 17:39:33,181 INFO o.a.j.t.JMeterThread: Thread started: Users 1-270
2026-06-06 17:39:33,211 INFO o.a.j.t.JMeterThread: Thread started: Users 1-271
2026-06-06 17:39:33,241 INFO o.a.j.t.JMeterThread: Thread started: Users 1-272
2026-06-06 17:39:33,271 INFO o.a.j.t.JMeterThread: Thread started: Users 1-273
2026-06-06 17:39:33,302 INFO o.a.j.t.JMeterThread: Thread started: Users 1-274
2026-06-06 17:39:33,334 INFO o.a.j.t.JMeterThread: Thread started: Users 1-275
2026-06-06 17:39:33,360 INFO o.a.j.t.JMeterThread: Thread started: Users 1-276
2026-06-06 17:39:33,391 INFO o.a.j.t.JMeterThread: Thread started: Users 1-277
2026-06-06 17:39:33,421 INFO o.a.j.t.JMeterThread: Thread started: Users 1-278
2026-06-06 17:39:33,453 INFO o.a.j.t.JMeterThread: Thread started: Users 1-279
2026-06-06 17:39:33,480 INFO o.a.j.t.JMeterThread: Thread started: Users 1-280
2026-06-06 17:39:33,511 INFO o.a.j.t.JMeterThread: Thread started: Users 1-281
2026-06-06 17:39:33,545 INFO o.a.j.t.JMeterThread: Thread started: Users 1-282
2026-06-06 17:39:33,572 INFO o.a.j.t.JMeterThread: Thread started: Users 1-283
2026-06-06 17:39:33,601 INFO o.a.j.t.JMeterThread: Thread started: Users 1-284
2026-06-06 17:39:33,630 INFO o.a.j.t.JMeterThread: Thread started: Users 1-285
2026-06-06 17:39:33,661 INFO o.a.j.t.JMeterThread: Thread started: Users 1-286
2026-06-06 17:39:33,692 INFO o.a.j.t.JMeterThread: Thread started: Users 1-287
2026-06-06 17:39:33,725 INFO o.a.j.t.JMeterThread: Thread started: Users 1-288
2026-06-06 17:39:33,751 INFO o.a.j.t.JMeterThread: Thread started: Users 1-289
2026-06-06 17:39:33,783 INFO o.a.j.t.JMeterThread: Thread started: Users 1-290
2026-06-06 17:39:33,810 INFO o.a.j.t.JMeterThread: Thread started: Users 1-291
2026-06-06 17:39:33,845 INFO o.a.j.t.JMeterThread: Thread started: Users 1-292
2026-06-06 17:39:33,875 INFO o.a.j.t.JMeterThread: Thread started: Users 1-293
2026-06-06 17:39:33,902 INFO o.a.j.t.JMeterThread: Thread started: Users 1-294
2026-06-06 17:39:33,933 INFO o.a.j.t.JMeterThread: Thread started: Users 1-295
2026-06-06 17:39:33,962 INFO o.a.j.t.JMeterThread: Thread started: Users 1-296
2026-06-06 17:39:33,992 INFO o.a.j.t.JMeterThread: Thread started: Users 1-297
2026-06-06 17:39:34,023 INFO o.a.j.t.JMeterThread: Thread started: Users 1-298
2026-06-06 17:39:34,053 INFO o.a.j.t.JMeterThread: Thread started: Users 1-299
2026-06-06 17:39:34,085 INFO o.a.j.t.JMeterThread: Thread started: Users 1-300
2026-06-06 17:39:34,112 INFO o.a.j.t.JMeterThread: Thread started: Users 1-301
2026-06-06 17:39:34,140 INFO o.a.j.t.JMeterThread: Thread started: Users 1-302
2026-06-06 17:39:34,174 INFO o.a.j.t.JMeterThread: Thread started: Users 1-303
2026-06-06 17:39:34,200 INFO o.a.j.t.JMeterThread: Thread started: Users 1-304
2026-06-06 17:39:34,231 INFO o.a.j.t.JMeterThread: Thread started: Users 1-305
2026-06-06 17:39:34,262 INFO o.a.j.t.JMeterThread: Thread started: Users 1-306
2026-06-06 17:39:34,291 INFO o.a.j.t.JMeterThread: Thread started: Users 1-307
2026-06-06 17:39:34,322 INFO o.a.j.t.JMeterThread: Thread started: Users 1-308
2026-06-06 17:39:34,351 INFO o.a.j.t.JMeterThread: Thread started: Users 1-309
2026-06-06 17:39:34,384 INFO o.a.j.t.JMeterThread: Thread started: Users 1-310
2026-06-06 17:39:34,413 INFO o.a.j.t.JMeterThread: Thread started: Users 1-311
2026-06-06 17:39:34,443 INFO o.a.j.t.JMeterThread: Thread started: Users 1-312
2026-06-06 17:39:34,473 INFO o.a.j.t.JMeterThread: Thread started: Users 1-313
2026-06-06 17:39:34,501 INFO o.a.j.t.JMeterThread: Thread started: Users 1-314
2026-06-06 17:39:34,535 INFO o.a.j.t.JMeterThread: Thread started: Users 1-315
2026-06-06 17:39:34,560 INFO o.a.j.t.JMeterThread: Thread started: Users 1-316
2026-06-06 17:39:34,592 INFO o.a.j.t.JMeterThread: Thread started: Users 1-317
2026-06-06 17:39:34,620 INFO o.a.j.t.JMeterThread: Thread started: Users 1-318
2026-06-06 17:39:34,653 INFO o.a.j.t.JMeterThread: Thread started: Users 1-319
2026-06-06 17:39:34,682 INFO o.a.j.t.JMeterThread: Thread started: Users 1-320
2026-06-06 17:39:34,710 INFO o.a.j.t.JMeterThread: Thread started: Users 1-321
2026-06-06 17:39:34,744 INFO o.a.j.t.JMeterThread: Thread started: Users 1-322
2026-06-06 17:39:34,773 INFO o.a.j.t.JMeterThread: Thread started: Users 1-323
2026-06-06 17:39:34,805 INFO o.a.j.t.JMeterThread: Thread started: Users 1-324
2026-06-06 17:39:34,835 INFO o.a.j.t.JMeterThread: Thread started: Users 1-325
2026-06-06 17:39:34,864 INFO o.a.j.t.JMeterThread: Thread started: Users 1-326
2026-06-06 17:39:34,894 INFO o.a.j.t.JMeterThread: Thread started: Users 1-327
2026-06-06 17:39:34,920 INFO o.a.j.t.JMeterThread: Thread started: Users 1-328
2026-06-06 17:39:34,951 INFO o.a.j.t.JMeterThread: Thread started: Users 1-329
2026-06-06 17:39:34,982 INFO o.a.j.t.JMeterThread: Thread started: Users 1-330
2026-06-06 17:39:35,011 INFO o.a.j.t.JMeterThread: Thread started: Users 1-331
2026-06-06 17:39:35,043 INFO o.a.j.t.JMeterThread: Thread started: Users 1-332
2026-06-06 17:39:35,073 INFO o.a.j.t.JMeterThread: Thread started: Users 1-333
2026-06-06 17:39:35,101 INFO o.a.j.t.JMeterThread: Thread started: Users 1-334
2026-06-06 17:39:35,133 INFO o.a.j.t.JMeterThread: Thread started: Users 1-335
2026-06-06 17:39:35,161 INFO o.a.j.t.JMeterThread: Thread started: Users 1-336
2026-06-06 17:39:35,191 INFO o.a.j.t.JMeterThread: Thread started: Users 1-337
2026-06-06 17:39:35,225 INFO o.a.j.t.JMeterThread: Thread started: Users 1-338
2026-06-06 17:39:35,252 INFO o.a.j.t.JMeterThread: Thread started: Users 1-339
2026-06-06 17:39:35,280 INFO o.a.j.t.JMeterThread: Thread started: Users 1-340
2026-06-06 17:39:35,311 INFO o.a.j.t.JMeterThread: Thread started: Users 1-341
2026-06-06 17:39:35,341 INFO o.a.j.t.JMeterThread: Thread started: Users 1-342
2026-06-06 17:39:35,372 INFO o.a.j.t.JMeterThread: Thread started: Users 1-343
2026-06-06 17:39:35,402 INFO o.a.j.t.JMeterThread: Thread started: Users 1-344
2026-06-06 17:39:35,435 INFO o.a.j.t.JMeterThread: Thread started: Users 1-345
2026-06-06 17:39:35,461 INFO o.a.j.t.JMeterThread: Thread started: Users 1-346
2026-06-06 17:39:35,491 INFO o.a.j.t.JMeterThread: Thread started: Users 1-347
2026-06-06 17:39:35,525 INFO o.a.j.t.JMeterThread: Thread started: Users 1-348
2026-06-06 17:39:35,551 INFO o.a.j.t.JMeterThread: Thread started: Users 1-349
2026-06-06 17:39:35,582 INFO o.a.j.t.JMeterThread: Thread started: Users 1-350
2026-06-06 17:39:35,611 INFO o.a.j.t.JMeterThread: Thread started: Users 1-351
2026-06-06 17:39:35,644 INFO o.a.j.t.JMeterThread: Thread started: Users 1-352
2026-06-06 17:39:35,673 INFO o.a.j.t.JMeterThread: Thread started: Users 1-353
2026-06-06 17:39:35,702 INFO o.a.j.t.JMeterThread: Thread started: Users 1-354
2026-06-06 17:39:35,735 INFO o.a.j.t.JMeterThread: Thread started: Users 1-355
2026-06-06 17:39:35,763 INFO o.a.j.t.JMeterThread: Thread started: Users 1-356
2026-06-06 17:39:35,791 INFO o.a.j.t.JMeterThread: Thread started: Users 1-357
2026-06-06 17:39:35,825 INFO o.a.j.t.JMeterThread: Thread started: Users 1-358
2026-06-06 17:39:35,852 INFO o.a.j.t.JMeterThread: Thread started: Users 1-359
2026-06-06 17:39:35,884 INFO o.a.j.t.JMeterThread: Thread started: Users 1-360
2026-06-06 17:39:35,910 INFO o.a.j.t.JMeterThread: Thread started: Users 1-361
2026-06-06 17:39:35,941 INFO o.a.j.t.JMeterThread: Thread started: Users 1-362
2026-06-06 17:39:35,971 INFO o.a.j.t.JMeterThread: Thread started: Users 1-363
2026-06-06 17:39:36,000 INFO o.a.j.t.JMeterThread: Thread started: Users 1-364
2026-06-06 17:39:36,034 INFO o.a.j.t.JMeterThread: Thread started: Users 1-365
2026-06-06 17:39:36,061 INFO o.a.j.t.JMeterThread: Thread started: Users 1-366
2026-06-06 17:39:36,094 INFO o.a.j.t.JMeterThread: Thread started: Users 1-367
2026-06-06 17:39:36,125 INFO o.a.j.t.JMeterThread: Thread started: Users 1-368
2026-06-06 17:39:36,151 INFO o.a.j.t.JMeterThread: Thread started: Users 1-369
2026-06-06 17:39:36,181 INFO o.a.j.t.JMeterThread: Thread started: Users 1-370
2026-06-06 17:39:36,215 INFO o.a.j.t.JMeterThread: Thread started: Users 1-371
2026-06-06 17:39:36,242 INFO o.a.j.t.JMeterThread: Thread started: Users 1-372
2026-06-06 17:39:36,271 INFO o.a.j.t.JMeterThread: Thread started: Users 1-373
2026-06-06 17:39:36,304 INFO o.a.j.t.JMeterThread: Thread started: Users 1-374
2026-06-06 17:39:36,333 INFO o.a.j.t.JMeterThread: Thread started: Users 1-375
2026-06-06 17:39:36,362 INFO o.a.j.t.JMeterThread: Thread started: Users 1-376
2026-06-06 17:39:36,392 INFO o.a.j.t.JMeterThread: Thread started: Users 1-377
2026-06-06 17:39:36,425 INFO o.a.j.t.JMeterThread: Thread started: Users 1-378
2026-06-06 17:39:36,452 INFO o.a.j.t.JMeterThread: Thread started: Users 1-379
2026-06-06 17:39:36,481 INFO o.a.j.t.JMeterThread: Thread started: Users 1-380
2026-06-06 17:39:36,511 INFO o.a.j.t.JMeterThread: Thread started: Users 1-381
2026-06-06 17:39:36,541 INFO o.a.j.t.JMeterThread: Thread started: Users 1-382
2026-06-06 17:39:36,570 INFO o.a.j.t.JMeterThread: Thread started: Users 1-383
2026-06-06 17:39:36,600 INFO o.a.j.t.JMeterThread: Thread started: Users 1-384
2026-06-06 17:39:36,635 INFO o.a.j.t.JMeterThread: Thread started: Users 1-385
2026-06-06 17:39:36,663 INFO o.a.j.t.JMeterThread: Thread started: Users 1-386
2026-06-06 17:39:36,691 INFO o.a.j.t.JMeterThread: Thread started: Users 1-387
2026-06-06 17:39:36,722 INFO o.a.j.t.JMeterThread: Thread started: Users 1-388
2026-06-06 17:39:36,750 INFO o.a.j.t.JMeterThread: Thread started: Users 1-389
2026-06-06 17:39:36,784 INFO o.a.j.t.JMeterThread: Thread started: Users 1-390
2026-06-06 17:39:36,811 INFO o.a.j.t.JMeterThread: Thread started: Users 1-391
2026-06-06 17:39:36,844 INFO o.a.j.t.JMeterThread: Thread started: Users 1-392
2026-06-06 17:39:36,872 INFO o.a.j.t.JMeterThread: Thread started: Users 1-393
2026-06-06 17:39:36,903 INFO o.a.j.t.JMeterThread: Thread started: Users 1-394
2026-06-06 17:39:36,931 INFO o.a.j.t.JMeterThread: Thread started: Users 1-395
2026-06-06 17:39:36,961 INFO o.a.j.t.JMeterThread: Thread started: Users 1-396
2026-06-06 17:39:36,992 INFO o.a.j.t.JMeterThread: Thread started: Users 1-397
2026-06-06 17:39:37,021 INFO o.a.j.t.JMeterThread: Thread started: Users 1-398
2026-06-06 17:39:37,051 INFO o.a.j.t.JMeterThread: Thread started: Users 1-399
2026-06-06 17:39:37,081 INFO o.a.j.t.JMeterThread: Thread started: Users 1-400
2026-06-06 17:39:37,110 INFO o.a.j.t.JMeterThread: Thread started: Users 1-401
2026-06-06 17:39:37,140 INFO o.a.j.t.JMeterThread: Thread started: Users 1-402
2026-06-06 17:39:37,171 INFO o.a.j.t.JMeterThread: Thread started: Users 1-403
2026-06-06 17:39:37,201 INFO o.a.j.t.JMeterThread: Thread started: Users 1-404
2026-06-06 17:39:37,234 INFO o.a.j.t.JMeterThread: Thread started: Users 1-405
2026-06-06 17:39:37,261 INFO o.a.j.t.JMeterThread: Thread started: Users 1-406
2026-06-06 17:39:37,292 INFO o.a.j.t.JMeterThread: Thread started: Users 1-407
2026-06-06 17:39:37,321 INFO o.a.j.t.JMeterThread: Thread started: Users 1-408
2026-06-06 17:39:37,350 INFO o.a.j.t.JMeterThread: Thread started: Users 1-409
2026-06-06 17:39:37,382 INFO o.a.j.t.JMeterThread: Thread started: Users 1-410
2026-06-06 17:39:37,415 INFO o.a.j.t.JMeterThread: Thread started: Users 1-411
2026-06-06 17:39:37,445 INFO o.a.j.t.JMeterThread: Thread started: Users 1-412
2026-06-06 17:39:37,471 INFO o.a.j.t.JMeterThread: Thread started: Users 1-413
2026-06-06 17:39:37,503 INFO o.a.j.t.JMeterThread: Thread started: Users 1-414
2026-06-06 17:39:37,531 INFO o.a.j.t.JMeterThread: Thread started: Users 1-415
2026-06-06 17:39:37,560 INFO o.a.j.t.JMeterThread: Thread started: Users 1-416
2026-06-06 17:39:37,591 INFO o.a.j.t.JMeterThread: Thread started: Users 1-417
2026-06-06 17:39:37,622 INFO o.a.j.t.JMeterThread: Thread started: Users 1-418
2026-06-06 17:39:37,651 INFO o.a.j.t.JMeterThread: Thread started: Users 1-419
2026-06-06 17:39:37,680 INFO o.a.j.t.JMeterThread: Thread started: Users 1-420
2026-06-06 17:39:37,710 INFO o.a.j.t.JMeterThread: Thread started: Users 1-421
2026-06-06 17:39:37,741 INFO o.a.j.t.JMeterThread: Thread started: Users 1-422
2026-06-06 17:39:37,771 INFO o.a.j.t.JMeterThread: Thread started: Users 1-423
2026-06-06 17:39:37,801 INFO o.a.j.t.JMeterThread: Thread started: Users 1-424
2026-06-06 17:39:37,836 INFO o.a.j.t.JMeterThread: Thread started: Users 1-425
2026-06-06 17:39:37,861 INFO o.a.j.t.JMeterThread: Thread started: Users 1-426
2026-06-06 17:39:37,891 INFO o.a.j.t.JMeterThread: Thread started: Users 1-427
2026-06-06 17:39:37,924 INFO o.a.j.t.JMeterThread: Thread started: Users 1-428
2026-06-06 17:39:37,950 INFO o.a.j.t.JMeterThread: Thread started: Users 1-429
2026-06-06 17:39:37,982 INFO o.a.j.t.JMeterThread: Thread started: Users 1-430
2026-06-06 17:39:38,013 INFO o.a.j.t.JMeterThread: Thread started: Users 1-431
2026-06-06 17:39:38,042 INFO o.a.j.t.JMeterThread: Thread started: Users 1-432
2026-06-06 17:39:38,072 INFO o.a.j.t.JMeterThread: Thread started: Users 1-433
2026-06-06 17:39:38,103 INFO o.a.j.t.JMeterThread: Thread started: Users 1-434
2026-06-06 17:39:38,132 INFO o.a.j.t.JMeterThread: Thread started: Users 1-435
2026-06-06 17:39:38,164 INFO o.a.j.t.JMeterThread: Thread started: Users 1-436
2026-06-06 17:39:38,191 INFO o.a.j.t.JMeterThread: Thread started: Users 1-437
2026-06-06 17:39:38,220 INFO o.a.j.t.JMeterThread: Thread started: Users 1-438
2026-06-06 17:39:38,252 INFO o.a.j.t.JMeterThread: Thread started: Users 1-439
2026-06-06 17:39:38,281 INFO o.a.j.t.JMeterThread: Thread started: Users 1-440
2026-06-06 17:39:38,311 INFO o.a.j.t.JMeterThread: Thread started: Users 1-441
2026-06-06 17:39:38,341 INFO o.a.j.t.JMeterThread: Thread started: Users 1-442
2026-06-06 17:39:38,371 INFO o.a.j.t.JMeterThread: Thread started: Users 1-443
2026-06-06 17:39:38,401 INFO o.a.j.t.JMeterThread: Thread started: Users 1-444
2026-06-06 17:39:38,433 INFO o.a.j.t.JMeterThread: Thread started: Users 1-445
2026-06-06 17:39:38,461 INFO o.a.j.t.JMeterThread: Thread started: Users 1-446
2026-06-06 17:39:38,490 INFO o.a.j.t.JMeterThread: Thread started: Users 1-447
2026-06-06 17:39:38,522 INFO o.a.j.t.JMeterThread: Thread started: Users 1-448
2026-06-06 17:39:38,551 INFO o.a.j.t.JMeterThread: Thread started: Users 1-449
2026-06-06 17:39:38,582 INFO o.a.j.t.JMeterThread: Thread started: Users 1-450
2026-06-06 17:39:38,612 INFO o.a.j.t.JMeterThread: Thread started: Users 1-451
2026-06-06 17:39:38,640 INFO o.a.j.t.JMeterThread: Thread started: Users 1-452
2026-06-06 17:39:38,673 INFO o.a.j.t.JMeterThread: Thread started: Users 1-453
2026-06-06 17:39:38,702 INFO o.a.j.t.JMeterThread: Thread started: Users 1-454
2026-06-06 17:39:38,730 INFO o.a.j.t.JMeterThread: Thread started: Users 1-455
2026-06-06 17:39:38,760 INFO o.a.j.t.JMeterThread: Thread started: Users 1-456
2026-06-06 17:39:38,795 INFO o.a.j.t.JMeterThread: Thread started: Users 1-457
2026-06-06 17:39:38,824 INFO o.a.j.t.JMeterThread: Thread started: Users 1-458
2026-06-06 17:39:38,854 INFO o.a.j.t.JMeterThread: Thread started: Users 1-459
2026-06-06 17:39:38,883 INFO o.a.j.t.JMeterThread: Thread started: Users 1-460
2026-06-06 17:39:38,912 INFO o.a.j.t.JMeterThread: Thread started: Users 1-461
2026-06-06 17:39:38,942 INFO o.a.j.t.JMeterThread: Thread started: Users 1-462
2026-06-06 17:39:38,971 INFO o.a.j.t.JMeterThread: Thread started: Users 1-463
2026-06-06 17:39:39,000 INFO o.a.j.t.JMeterThread: Thread started: Users 1-464
2026-06-06 17:39:39,031 INFO o.a.j.t.JMeterThread: Thread started: Users 1-465
2026-06-06 17:39:39,061 INFO o.a.j.t.JMeterThread: Thread started: Users 1-466
2026-06-06 17:39:39,092 INFO o.a.j.t.JMeterThread: Thread started: Users 1-467
2026-06-06 17:39:39,121 INFO o.a.j.t.JMeterThread: Thread started: Users 1-468
2026-06-06 17:39:39,151 INFO o.a.j.t.JMeterThread: Thread started: Users 1-469
2026-06-06 17:39:39,183 INFO o.a.j.t.JMeterThread: Thread started: Users 1-470
2026-06-06 17:39:39,211 INFO o.a.j.t.JMeterThread: Thread started: Users 1-471
2026-06-06 17:39:39,242 INFO o.a.j.t.JMeterThread: Thread started: Users 1-472
2026-06-06 17:39:39,271 INFO o.a.j.t.JMeterThread: Thread started: Users 1-473
2026-06-06 17:39:39,303 INFO o.a.j.t.JMeterThread: Thread started: Users 1-474
2026-06-06 17:39:39,331 INFO o.a.j.t.JMeterThread: Thread started: Users 1-475
2026-06-06 17:39:39,365 INFO o.a.j.t.JMeterThread: Thread started: Users 1-476
2026-06-06 17:39:39,392 INFO o.a.j.t.JMeterThread: Thread started: Users 1-477
2026-06-06 17:39:39,423 INFO o.a.j.t.JMeterThread: Thread started: Users 1-478
2026-06-06 17:39:39,451 INFO o.a.j.t.JMeterThread: Thread started: Users 1-479
2026-06-06 17:39:39,481 INFO o.a.j.t.JMeterThread: Thread started: Users 1-480
2026-06-06 17:39:39,512 INFO o.a.j.t.JMeterThread: Thread started: Users 1-481
2026-06-06 17:39:39,545 INFO o.a.j.t.JMeterThread: Thread started: Users 1-482
2026-06-06 17:39:39,574 INFO o.a.j.t.JMeterThread: Thread started: Users 1-483
2026-06-06 17:39:39,601 INFO o.a.j.t.JMeterThread: Thread started: Users 1-484
2026-06-06 17:39:39,631 INFO o.a.j.t.JMeterThread: Thread started: Users 1-485
2026-06-06 17:39:39,663 INFO o.a.j.t.JMeterThread: Thread started: Users 1-486
2026-06-06 17:39:39,693 INFO o.a.j.t.JMeterThread: Thread started: Users 1-487
2026-06-06 17:39:39,721 INFO o.a.j.t.JMeterThread: Thread started: Users 1-488
2026-06-06 17:39:39,750 INFO o.a.j.t.JMeterThread: Thread started: Users 1-489
2026-06-06 17:39:39,784 INFO o.a.j.t.JMeterThread: Thread started: Users 1-490
2026-06-06 17:39:39,812 INFO o.a.j.t.JMeterThread: Thread started: Users 1-491
2026-06-06 17:39:39,843 INFO o.a.j.t.JMeterThread: Thread started: Users 1-492
2026-06-06 17:39:39,871 INFO o.a.j.t.JMeterThread: Thread started: Users 1-493
2026-06-06 17:39:39,900 INFO o.a.j.t.JMeterThread: Thread started: Users 1-494
2026-06-06 17:39:39,932 INFO o.a.j.t.JMeterThread: Thread started: Users 1-495
2026-06-06 17:39:39,962 INFO o.a.j.t.JMeterThread: Thread started: Users 1-496
2026-06-06 17:39:39,992 INFO o.a.j.t.JMeterThread: Thread started: Users 1-497
2026-06-06 17:39:40,021 INFO o.a.j.t.JMeterThread: Thread started: Users 1-498
2026-06-06 17:39:40,053 INFO o.a.j.t.JMeterThread: Thread started: Users 1-499
2026-06-06 17:39:40,083 INFO o.a.j.t.JMeterThread: Thread started: Users 1-500
2026-06-06 17:39:40,111 INFO o.a.j.t.JMeterThread: Thread started: Users 1-501
2026-06-06 17:39:40,141 INFO o.a.j.t.JMeterThread: Thread started: Users 1-502
2026-06-06 17:39:40,171 INFO o.a.j.t.JMeterThread: Thread started: Users 1-503
2026-06-06 17:39:40,203 INFO o.a.j.t.JMeterThread: Thread started: Users 1-504
2026-06-06 17:39:40,232 INFO o.a.j.t.JMeterThread: Thread started: Users 1-505
2026-06-06 17:39:40,261 INFO o.a.j.t.JMeterThread: Thread started: Users 1-506
2026-06-06 17:39:40,290 INFO o.a.j.t.JMeterThread: Thread started: Users 1-507
2026-06-06 17:39:40,322 INFO o.a.j.t.JMeterThread: Thread started: Users 1-508
2026-06-06 17:39:40,354 INFO o.a.j.t.JMeterThread: Thread started: Users 1-509
2026-06-06 17:39:40,381 INFO o.a.j.t.JMeterThread: Thread started: Users 1-510
2026-06-06 17:39:40,410 INFO o.a.j.t.JMeterThread: Thread started: Users 1-511
2026-06-06 17:39:40,443 INFO o.a.j.t.JMeterThread: Thread started: Users 1-512
2026-06-06 17:39:40,474 INFO o.a.j.t.JMeterThread: Thread started: Users 1-513
2026-06-06 17:39:40,502 INFO o.a.j.t.JMeterThread: Thread started: Users 1-514
2026-06-06 17:39:40,532 INFO o.a.j.t.JMeterThread: Thread started: Users 1-515
2026-06-06 17:39:40,561 INFO o.a.j.t.JMeterThread: Thread started: Users 1-516
2026-06-06 17:39:40,591 INFO o.a.j.t.JMeterThread: Thread started: Users 1-517
2026-06-06 17:39:40,622 INFO o.a.j.t.JMeterThread: Thread started: Users 1-518
2026-06-06 17:39:40,653 INFO o.a.j.t.JMeterThread: Thread started: Users 1-519
2026-06-06 17:39:40,683 INFO o.a.j.t.JMeterThread: Thread started: Users 1-520
2026-06-06 17:39:40,710 INFO o.a.j.t.JMeterThread: Thread started: Users 1-521
2026-06-06 17:39:40,740 INFO o.a.j.t.JMeterThread: Thread started: Users 1-522
2026-06-06 17:39:40,771 INFO o.a.j.t.JMeterThread: Thread started: Users 1-523
2026-06-06 17:39:40,803 INFO o.a.j.t.JMeterThread: Thread started: Users 1-524
2026-06-06 17:39:40,830 INFO o.a.j.t.JMeterThread: Thread started: Users 1-525
2026-06-06 17:39:40,861 INFO o.a.j.t.JMeterThread: Thread started: Users 1-526
2026-06-06 17:39:40,891 INFO o.a.j.t.JMeterThread: Thread started: Users 1-527
2026-06-06 17:39:40,925 INFO o.a.j.t.JMeterThread: Thread started: Users 1-528
2026-06-06 17:39:40,951 INFO o.a.j.t.JMeterThread: Thread started: Users 1-529
2026-06-06 17:39:40,980 INFO o.a.j.t.JMeterThread: Thread started: Users 1-530
2026-06-06 17:39:41,011 INFO o.a.j.t.JMeterThread: Thread started: Users 1-531
2026-06-06 17:39:41,043 INFO o.a.j.t.JMeterThread: Thread started: Users 1-532
2026-06-06 17:39:41,072 INFO o.a.j.t.JMeterThread: Thread started: Users 1-533
2026-06-06 17:39:41,100 INFO o.a.j.t.JMeterThread: Thread started: Users 1-534
2026-06-06 17:39:41,133 INFO o.a.j.t.JMeterThread: Thread started: Users 1-535
2026-06-06 17:39:41,162 INFO o.a.j.t.JMeterThread: Thread started: Users 1-536
2026-06-06 17:39:41,191 INFO o.a.j.t.JMeterThread: Thread started: Users 1-537
2026-06-06 17:39:41,222 INFO o.a.j.t.JMeterThread: Thread started: Users 1-538
2026-06-06 17:39:41,253 INFO o.a.j.t.JMeterThread: Thread started: Users 1-539
2026-06-06 17:39:41,281 INFO o.a.j.t.JMeterThread: Thread started: Users 1-540
2026-06-06 17:39:41,312 INFO o.a.j.t.JMeterThread: Thread started: Users 1-541
2026-06-06 17:39:41,342 INFO o.a.j.t.JMeterThread: Thread started: Users 1-542
2026-06-06 17:39:41,372 INFO o.a.j.t.JMeterThread: Thread started: Users 1-543
2026-06-06 17:39:41,404 INFO o.a.j.t.JMeterThread: Thread started: Users 1-544
2026-06-06 17:39:41,430 INFO o.a.j.t.JMeterThread: Thread started: Users 1-545
2026-06-06 17:39:41,464 INFO o.a.j.t.JMeterThread: Thread started: Users 1-546
2026-06-06 17:39:41,491 INFO o.a.j.t.JMeterThread: Thread started: Users 1-547
2026-06-06 17:39:41,521 INFO o.a.j.t.JMeterThread: Thread started: Users 1-548
2026-06-06 17:39:41,554 INFO o.a.j.t.JMeterThread: Thread started: Users 1-549
2026-06-06 17:39:41,582 INFO o.a.j.t.JMeterThread: Thread started: Users 1-550
2026-06-06 17:39:41,611 INFO o.a.j.t.JMeterThread: Thread started: Users 1-551
2026-06-06 17:39:41,640 INFO o.a.j.t.JMeterThread: Thread started: Users 1-552
2026-06-06 17:39:41,671 INFO o.a.j.t.JMeterThread: Thread started: Users 1-553
2026-06-06 17:39:41,700 INFO o.a.j.t.JMeterThread: Thread started: Users 1-554
2026-06-06 17:39:41,732 INFO o.a.j.t.JMeterThread: Thread started: Users 1-555
2026-06-06 17:39:41,760 INFO o.a.j.t.JMeterThread: Thread started: Users 1-556
2026-06-06 17:39:41,790 INFO o.a.j.t.JMeterThread: Thread started: Users 1-557
2026-06-06 17:39:41,820 INFO o.a.j.t.JMeterThread: Thread started: Users 1-558
2026-06-06 17:39:41,852 INFO o.a.j.t.JMeterThread: Thread started: Users 1-559
2026-06-06 17:39:41,881 INFO o.a.j.t.JMeterThread: Thread started: Users 1-560
2026-06-06 17:39:41,911 INFO o.a.j.t.JMeterThread: Thread started: Users 1-561
2026-06-06 17:39:41,941 INFO o.a.j.t.JMeterThread: Thread started: Users 1-562
2026-06-06 17:39:41,974 INFO o.a.j.t.JMeterThread: Thread started: Users 1-563
2026-06-06 17:39:42,001 INFO o.a.j.t.JMeterThread: Thread started: Users 1-564
2026-06-06 17:39:42,034 INFO o.a.j.t.JMeterThread: Thread started: Users 1-565
2026-06-06 17:39:42,065 INFO o.a.j.t.JMeterThread: Thread started: Users 1-566
2026-06-06 17:39:42,091 INFO o.a.j.t.JMeterThread: Thread started: Users 1-567
2026-06-06 17:39:42,124 INFO o.a.j.t.JMeterThread: Thread started: Users 1-568
2026-06-06 17:39:42,150 INFO o.a.j.t.JMeterThread: Thread started: Users 1-569
2026-06-06 17:39:42,184 INFO o.a.j.t.JMeterThread: Thread started: Users 1-570
2026-06-06 17:39:42,210 INFO o.a.j.t.JMeterThread: Thread started: Users 1-571
2026-06-06 17:39:42,241 INFO o.a.j.t.JMeterThread: Thread started: Users 1-572
2026-06-06 17:39:42,271 INFO o.a.j.t.JMeterThread: Thread started: Users 1-573
2026-06-06 17:39:42,304 INFO o.a.j.t.JMeterThread: Thread started: Users 1-574
2026-06-06 17:39:42,332 INFO o.a.j.t.JMeterThread: Thread started: Users 1-575
2026-06-06 17:39:42,361 INFO o.a.j.t.JMeterThread: Thread started: Users 1-576
2026-06-06 17:39:42,392 INFO o.a.j.t.JMeterThread: Thread started: Users 1-577
2026-06-06 17:39:42,421 INFO o.a.j.t.JMeterThread: Thread started: Users 1-578
2026-06-06 17:39:42,453 INFO o.a.j.t.JMeterThread: Thread started: Users 1-579
2026-06-06 17:39:42,483 INFO o.a.j.t.JMeterThread: Thread started: Users 1-580
2026-06-06 17:39:42,512 INFO o.a.j.t.JMeterThread: Thread started: Users 1-581
2026-06-06 17:39:42,540 INFO o.a.j.t.JMeterThread: Thread started: Users 1-582
2026-06-06 17:39:42,572 INFO o.a.j.t.JMeterThread: Thread started: Users 1-583
2026-06-06 17:39:42,601 INFO o.a.j.t.JMeterThread: Thread started: Users 1-584
2026-06-06 17:39:42,631 INFO o.a.j.t.JMeterThread: Thread started: Users 1-585
2026-06-06 17:39:42,662 INFO o.a.j.t.JMeterThread: Thread started: Users 1-586
2026-06-06 17:39:42,692 INFO o.a.j.t.JMeterThread: Thread started: Users 1-587
2026-06-06 17:39:42,722 INFO o.a.j.t.JMeterThread: Thread started: Users 1-588
2026-06-06 17:39:42,753 INFO o.a.j.t.JMeterThread: Thread started: Users 1-589
2026-06-06 17:39:42,784 INFO o.a.j.t.JMeterThread: Thread started: Users 1-590
2026-06-06 17:39:42,815 INFO o.a.j.t.JMeterThread: Thread started: Users 1-591
2026-06-06 17:39:42,843 INFO o.a.j.t.JMeterThread: Thread started: Users 1-592
2026-06-06 17:39:42,875 INFO o.a.j.t.JMeterThread: Thread started: Users 1-593
2026-06-06 17:39:42,901 INFO o.a.j.t.JMeterThread: Thread started: Users 1-594
2026-06-06 17:39:42,933 INFO o.a.j.t.JMeterThread: Thread started: Users 1-595
2026-06-06 17:39:42,960 INFO o.a.j.t.JMeterThread: Thread started: Users 1-596
2026-06-06 17:39:42,991 INFO o.a.j.t.JMeterThread: Thread started: Users 1-597
2026-06-06 17:39:43,021 INFO o.a.j.t.JMeterThread: Thread started: Users 1-598
2026-06-06 17:39:43,053 INFO o.a.j.t.JMeterThread: Thread started: Users 1-599
2026-06-06 17:39:43,085 INFO o.a.j.t.JMeterThread: Thread started: Users 1-600
2026-06-06 17:39:43,111 INFO o.a.j.t.JMeterThread: Thread started: Users 1-601
2026-06-06 17:39:43,144 INFO o.a.j.t.JMeterThread: Thread started: Users 1-602
2026-06-06 17:39:43,170 INFO o.a.j.t.JMeterThread: Thread started: Users 1-603
2026-06-06 17:39:43,203 INFO o.a.j.t.JMeterThread: Thread started: Users 1-604
2026-06-06 17:39:43,231 INFO o.a.j.t.JMeterThread: Thread started: Users 1-605
2026-06-06 17:39:43,261 INFO o.a.j.t.JMeterThread: Thread started: Users 1-606
2026-06-06 17:39:43,295 INFO o.a.j.t.JMeterThread: Thread started: Users 1-607
2026-06-06 17:39:43,321 INFO o.a.j.t.JMeterThread: Thread started: Users 1-608
2026-06-06 17:39:43,351 INFO o.a.j.t.JMeterThread: Thread started: Users 1-609
2026-06-06 17:39:43,384 INFO o.a.j.t.JMeterThread: Thread started: Users 1-610
2026-06-06 17:39:43,411 INFO o.a.j.t.JMeterThread: Thread started: Users 1-611
2026-06-06 17:39:43,445 INFO o.a.j.t.JMeterThread: Thread started: Users 1-612
2026-06-06 17:39:43,471 INFO o.a.j.t.JMeterThread: Thread started: Users 1-613
2026-06-06 17:39:43,502 INFO o.a.j.t.JMeterThread: Thread started: Users 1-614
2026-06-06 17:39:43,531 INFO o.a.j.t.JMeterThread: Thread started: Users 1-615
2026-06-06 17:39:43,561 INFO o.a.j.t.JMeterThread: Thread started: Users 1-616
2026-06-06 17:39:43,594 INFO o.a.j.t.JMeterThread: Thread started: Users 1-617
2026-06-06 17:39:43,623 INFO o.a.j.t.JMeterThread: Thread started: Users 1-618
2026-06-06 17:39:43,651 INFO o.a.j.t.JMeterThread: Thread started: Users 1-619
2026-06-06 17:39:43,683 INFO o.a.j.t.JMeterThread: Thread started: Users 1-620
2026-06-06 17:39:43,713 INFO o.a.j.t.JMeterThread: Thread started: Users 1-621
2026-06-06 17:39:43,740 INFO o.a.j.t.JMeterThread: Thread started: Users 1-622
2026-06-06 17:39:43,773 INFO o.a.j.t.JMeterThread: Thread started: Users 1-623
2026-06-06 17:39:43,800 INFO o.a.j.t.JMeterThread: Thread started: Users 1-624
2026-06-06 17:39:43,830 INFO o.a.j.t.JMeterThread: Thread started: Users 1-625
2026-06-06 17:39:43,860 INFO o.a.j.t.JMeterThread: Thread started: Users 1-626
2026-06-06 17:39:43,892 INFO o.a.j.t.JMeterThread: Thread started: Users 1-627
2026-06-06 17:39:43,922 INFO o.a.j.t.JMeterThread: Thread started: Users 1-628
2026-06-06 17:39:43,954 INFO o.a.j.t.JMeterThread: Thread started: Users 1-629
2026-06-06 17:39:43,981 INFO o.a.j.t.JMeterThread: Thread started: Users 1-630
2026-06-06 17:39:44,011 INFO o.a.j.t.JMeterThread: Thread started: Users 1-631
2026-06-06 17:39:44,042 INFO o.a.j.t.JMeterThread: Thread started: Users 1-632
2026-06-06 17:39:44,074 INFO o.a.j.t.JMeterThread: Thread started: Users 1-633
2026-06-06 17:39:44,101 INFO o.a.j.t.JMeterThread: Thread started: Users 1-634
2026-06-06 17:39:44,134 INFO o.a.j.t.JMeterThread: Thread started: Users 1-635
2026-06-06 17:39:44,160 INFO o.a.j.t.JMeterThread: Thread started: Users 1-636
2026-06-06 17:39:44,190 INFO o.a.j.t.JMeterThread: Thread started: Users 1-637
2026-06-06 17:39:44,221 INFO o.a.j.t.JMeterThread: Thread started: Users 1-638
2026-06-06 17:39:44,255 INFO o.a.j.t.JMeterThread: Thread started: Users 1-639
2026-06-06 17:39:44,284 INFO o.a.j.t.JMeterThread: Thread started: Users 1-640
2026-06-06 17:39:44,315 INFO o.a.j.t.JMeterThread: Thread started: Users 1-641
2026-06-06 17:39:44,341 INFO o.a.j.t.JMeterThread: Thread started: Users 1-642
2026-06-06 17:39:44,373 INFO o.a.j.t.JMeterThread: Thread started: Users 1-643
2026-06-06 17:39:44,402 INFO o.a.j.t.JMeterThread: Thread started: Users 1-644
2026-06-06 17:39:44,432 INFO o.a.j.t.JMeterThread: Thread started: Users 1-645
2026-06-06 17:39:44,463 INFO o.a.j.t.JMeterThread: Thread started: Users 1-646
2026-06-06 17:39:44,494 INFO o.a.j.t.JMeterThread: Thread started: Users 1-647
2026-06-06 17:39:44,521 INFO o.a.j.t.JMeterThread: Thread started: Users 1-648
2026-06-06 17:39:44,554 INFO o.a.j.t.JMeterThread: Thread started: Users 1-649
2026-06-06 17:39:44,585 INFO o.a.j.t.JMeterThread: Thread started: Users 1-650
2026-06-06 17:39:44,613 INFO o.a.j.t.JMeterThread: Thread started: Users 1-651
2026-06-06 17:39:44,643 INFO o.a.j.t.JMeterThread: Thread started: Users 1-652
2026-06-06 17:39:44,670 INFO o.a.j.t.JMeterThread: Thread started: Users 1-653
2026-06-06 17:39:44,700 INFO o.a.j.t.JMeterThread: Thread started: Users 1-654
2026-06-06 17:39:44,734 INFO o.a.j.t.JMeterThread: Thread started: Users 1-655
2026-06-06 17:39:44,765 INFO o.a.j.t.JMeterThread: Thread started: Users 1-656
2026-06-06 17:39:44,794 INFO o.a.j.t.JMeterThread: Thread started: Users 1-657
2026-06-06 17:39:44,821 INFO o.a.j.t.JMeterThread: Thread started: Users 1-658
2026-06-06 17:39:44,852 INFO o.a.j.t.JMeterThread: Thread started: Users 1-659
2026-06-06 17:39:44,883 INFO o.a.j.t.JMeterThread: Thread started: Users 1-660
2026-06-06 17:39:44,914 INFO o.a.j.t.JMeterThread: Thread started: Users 1-661
2026-06-06 17:39:44,941 INFO o.a.j.t.JMeterThread: Thread started: Users 1-662
2026-06-06 17:39:44,970 INFO o.a.j.t.JMeterThread: Thread started: Users 1-663
2026-06-06 17:39:45,004 INFO o.a.j.t.JMeterThread: Thread started: Users 1-664
2026-06-06 17:39:45,030 INFO o.a.j.t.JMeterThread: Thread started: Users 1-665
2026-06-06 17:39:45,062 INFO o.a.j.t.JMeterThread: Thread started: Users 1-666
2026-06-06 17:39:45,094 INFO o.a.j.t.JMeterThread: Thread started: Users 1-667
2026-06-06 17:39:45,121 INFO o.a.j.t.JMeterThread: Thread started: Users 1-668
2026-06-06 17:39:45,153 INFO o.a.j.t.JMeterThread: Thread started: Users 1-669
2026-06-06 17:39:45,183 INFO o.a.j.t.JMeterThread: Thread started: Users 1-670
2026-06-06 17:39:45,215 INFO o.a.j.t.JMeterThread: Thread started: Users 1-671
2026-06-06 17:39:45,240 INFO o.a.j.t.JMeterThread: Thread started: Users 1-672
2026-06-06 17:39:45,273 INFO o.a.j.t.JMeterThread: Thread started: Users 1-673
2026-06-06 17:39:45,302 INFO o.a.j.t.JMeterThread: Thread started: Users 1-674
2026-06-06 17:39:45,333 INFO o.a.j.t.JMeterThread: Thread started: Users 1-675
2026-06-06 17:39:45,361 INFO o.a.j.t.JMeterThread: Thread started: Users 1-676
2026-06-06 17:39:45,392 INFO o.a.j.t.JMeterThread: Thread started: Users 1-677
2026-06-06 17:39:45,421 INFO o.a.j.t.JMeterThread: Thread started: Users 1-678
2026-06-06 17:39:45,450 INFO o.a.j.t.JMeterThread: Thread started: Users 1-679
2026-06-06 17:39:45,482 INFO o.a.j.t.JMeterThread: Thread started: Users 1-680
2026-06-06 17:39:45,513 INFO o.a.j.t.JMeterThread: Thread started: Users 1-681
2026-06-06 17:39:45,541 INFO o.a.j.t.JMeterThread: Thread started: Users 1-682
2026-06-06 17:39:45,575 INFO o.a.j.t.JMeterThread: Thread started: Users 1-683
2026-06-06 17:39:45,604 INFO o.a.j.t.JMeterThread: Thread started: Users 1-684
2026-06-06 17:39:45,630 INFO o.a.j.t.JMeterThread: Thread started: Users 1-685
2026-06-06 17:39:45,661 INFO o.a.j.t.JMeterThread: Thread started: Users 1-686
2026-06-06 17:39:45,692 INFO o.a.j.t.JMeterThread: Thread started: Users 1-687
2026-06-06 17:39:45,720 INFO o.a.j.t.JMeterThread: Thread started: Users 1-688
2026-06-06 17:39:45,753 INFO o.a.j.t.JMeterThread: Thread started: Users 1-689
2026-06-06 17:39:45,781 INFO o.a.j.t.JMeterThread: Thread started: Users 1-690
2026-06-06 17:39:45,812 INFO o.a.j.t.JMeterThread: Thread started: Users 1-691
2026-06-06 17:39:45,841 INFO o.a.j.t.JMeterThread: Thread started: Users 1-692
2026-06-06 17:39:45,875 INFO o.a.j.t.JMeterThread: Thread started: Users 1-693
2026-06-06 17:39:45,903 INFO o.a.j.t.JMeterThread: Thread started: Users 1-694
2026-06-06 17:39:45,933 INFO o.a.j.t.JMeterThread: Thread started: Users 1-695
2026-06-06 17:39:45,964 INFO o.a.j.t.JMeterThread: Thread started: Users 1-696
2026-06-06 17:39:45,994 INFO o.a.j.t.JMeterThread: Thread started: Users 1-697
2026-06-06 17:39:46,021 INFO o.a.j.t.JMeterThread: Thread started: Users 1-698
2026-06-06 17:39:46,055 INFO o.a.j.t.JMeterThread: Thread started: Users 1-699
2026-06-06 17:39:46,082 INFO o.a.j.t.JMeterThread: Thread started: Users 1-700
2026-06-06 17:39:46,114 INFO o.a.j.t.JMeterThread: Thread started: Users 1-701
2026-06-06 17:39:46,144 INFO o.a.j.t.JMeterThread: Thread started: Users 1-702
2026-06-06 17:39:46,172 INFO o.a.j.t.JMeterThread: Thread started: Users 1-703
2026-06-06 17:39:46,206 INFO o.a.j.t.JMeterThread: Thread started: Users 1-704
2026-06-06 17:39:46,231 INFO o.a.j.t.JMeterThread: Thread started: Users 1-705
2026-06-06 17:39:46,265 INFO o.a.j.t.JMeterThread: Thread started: Users 1-706
2026-06-06 17:39:46,291 INFO o.a.j.t.JMeterThread: Thread started: Users 1-707
2026-06-06 17:39:46,323 INFO o.a.j.t.JMeterThread: Thread started: Users 1-708
2026-06-06 17:39:46,350 INFO o.a.j.t.JMeterThread: Thread started: Users 1-709
2026-06-06 17:39:46,382 INFO o.a.j.t.JMeterThread: Thread started: Users 1-710
2026-06-06 17:39:46,410 INFO o.a.j.t.JMeterThread: Thread started: Users 1-711
2026-06-06 17:39:46,440 INFO o.a.j.t.JMeterThread: Thread started: Users 1-712
2026-06-06 17:39:46,471 INFO o.a.j.t.JMeterThread: Thread started: Users 1-713
2026-06-06 17:39:46,501 INFO o.a.j.t.JMeterThread: Thread started: Users 1-714
2026-06-06 17:39:46,533 INFO o.a.j.t.JMeterThread: Thread started: Users 1-715
2026-06-06 17:39:46,562 INFO o.a.j.t.JMeterThread: Thread started: Users 1-716
2026-06-06 17:39:46,593 INFO o.a.j.t.JMeterThread: Thread started: Users 1-717
2026-06-06 17:39:46,624 INFO o.a.j.t.JMeterThread: Thread started: Users 1-718
2026-06-06 17:39:46,652 INFO o.a.j.t.JMeterThread: Thread started: Users 1-719
2026-06-06 17:39:46,683 INFO o.a.j.t.JMeterThread: Thread started: Users 1-720
2026-06-06 17:39:46,713 INFO o.a.j.t.JMeterThread: Thread started: Users 1-721
2026-06-06 17:39:46,742 INFO o.a.j.t.JMeterThread: Thread started: Users 1-722
2026-06-06 17:39:46,774 INFO o.a.j.t.JMeterThread: Thread started: Users 1-723
2026-06-06 17:39:46,801 INFO o.a.j.t.JMeterThread: Thread started: Users 1-724
2026-06-06 17:39:46,831 INFO o.a.j.t.JMeterThread: Thread started: Users 1-725
2026-06-06 17:39:46,864 INFO o.a.j.t.JMeterThread: Thread started: Users 1-726
2026-06-06 17:39:46,890 INFO o.a.j.t.JMeterThread: Thread started: Users 1-727
2026-06-06 17:39:46,925 INFO o.a.j.t.JMeterThread: Thread started: Users 1-728
2026-06-06 17:39:46,951 INFO o.a.j.t.JMeterThread: Thread started: Users 1-729
2026-06-06 17:39:46,983 INFO o.a.j.t.JMeterThread: Thread started: Users 1-730
2026-06-06 17:39:47,016 INFO o.a.j.t.JMeterThread: Thread started: Users 1-731
2026-06-06 17:39:47,042 INFO o.a.j.t.JMeterThread: Thread started: Users 1-732
2026-06-06 17:39:47,071 INFO o.a.j.t.JMeterThread: Thread started: Users 1-733
2026-06-06 17:39:47,105 INFO o.a.j.t.JMeterThread: Thread started: Users 1-734
2026-06-06 17:39:47,133 INFO o.a.j.t.JMeterThread: Thread started: Users 1-735
2026-06-06 17:39:47,165 INFO o.a.j.t.JMeterThread: Thread started: Users 1-736
2026-06-06 17:39:47,195 INFO o.a.j.t.JMeterThread: Thread started: Users 1-737
2026-06-06 17:39:47,223 INFO o.a.j.t.JMeterThread: Thread started: Users 1-738
2026-06-06 17:39:47,251 INFO o.a.j.t.JMeterThread: Thread started: Users 1-739
2026-06-06 17:39:47,283 INFO o.a.j.t.JMeterThread: Thread started: Users 1-740
2026-06-06 17:39:47,312 INFO o.a.j.t.JMeterThread: Thread started: Users 1-741
2026-06-06 17:39:47,343 INFO o.a.j.t.JMeterThread: Thread started: Users 1-742
2026-06-06 17:39:47,371 INFO o.a.j.t.JMeterThread: Thread started: Users 1-743
2026-06-06 17:39:47,404 INFO o.a.j.t.JMeterThread: Thread started: Users 1-744
2026-06-06 17:39:47,431 INFO o.a.j.t.JMeterThread: Thread started: Users 1-745
2026-06-06 17:39:47,461 INFO o.a.j.t.JMeterThread: Thread started: Users 1-746
2026-06-06 17:39:47,493 INFO o.a.j.t.JMeterThread: Thread started: Users 1-747
2026-06-06 17:39:47,525 INFO o.a.j.t.JMeterThread: Thread started: Users 1-748
2026-06-06 17:39:47,553 INFO o.a.j.t.JMeterThread: Thread started: Users 1-749
2026-06-06 17:39:47,585 INFO o.a.j.t.JMeterThread: Thread started: Users 1-750
2026-06-06 17:39:47,611 INFO o.a.j.t.JMeterThread: Thread started: Users 1-751
2026-06-06 17:39:47,641 INFO o.a.j.t.JMeterThread: Thread started: Users 1-752
2026-06-06 17:39:47,671 INFO o.a.j.t.JMeterThread: Thread started: Users 1-753
2026-06-06 17:39:47,700 INFO o.a.j.t.JMeterThread: Thread started: Users 1-754
2026-06-06 17:39:47,735 INFO o.a.j.t.JMeterThread: Thread started: Users 1-755
2026-06-06 17:39:47,760 INFO o.a.j.t.JMeterThread: Thread started: Users 1-756
2026-06-06 17:39:47,792 INFO o.a.j.t.JMeterThread: Thread started: Users 1-757
2026-06-06 17:39:47,826 INFO o.a.j.t.JMeterThread: Thread started: Users 1-758
2026-06-06 17:39:47,850 INFO o.a.j.t.JMeterThread: Thread started: Users 1-759
2026-06-06 17:39:47,884 INFO o.a.j.t.JMeterThread: Thread started: Users 1-760
2026-06-06 17:39:47,911 INFO o.a.j.t.JMeterThread: Thread started: Users 1-761
2026-06-06 17:39:47,945 INFO o.a.j.t.JMeterThread: Thread started: Users 1-762
2026-06-06 17:39:47,974 INFO o.a.j.t.JMeterThread: Thread started: Users 1-763
2026-06-06 17:39:48,001 INFO o.a.j.t.JMeterThread: Thread started: Users 1-764
2026-06-06 17:39:48,030 INFO o.a.j.t.JMeterThread: Thread started: Users 1-765
2026-06-06 17:39:48,062 INFO o.a.j.t.JMeterThread: Thread started: Users 1-766
2026-06-06 17:39:48,095 INFO o.a.j.t.JMeterThread: Thread started: Users 1-767
2026-06-06 17:39:48,125 INFO o.a.j.t.JMeterThread: Thread started: Users 1-768
2026-06-06 17:39:48,152 INFO o.a.j.t.JMeterThread: Thread started: Users 1-769
2026-06-06 17:39:48,181 INFO o.a.j.t.JMeterThread: Thread started: Users 1-770
2026-06-06 17:39:48,213 INFO o.a.j.t.JMeterThread: Thread started: Users 1-771
2026-06-06 17:39:48,242 INFO o.a.j.t.JMeterThread: Thread started: Users 1-772
2026-06-06 17:39:48,273 INFO o.a.j.t.JMeterThread: Thread started: Users 1-773
2026-06-06 17:39:48,304 INFO o.a.j.t.JMeterThread: Thread started: Users 1-774
2026-06-06 17:39:48,334 INFO o.a.j.t.JMeterThread: Thread started: Users 1-775
2026-06-06 17:39:48,362 INFO o.a.j.t.JMeterThread: Thread started: Users 1-776
2026-06-06 17:39:48,392 INFO o.a.j.t.JMeterThread: Thread started: Users 1-777
2026-06-06 17:39:48,421 INFO o.a.j.t.JMeterThread: Thread started: Users 1-778
2026-06-06 17:39:48,455 INFO o.a.j.t.JMeterThread: Thread started: Users 1-779
2026-06-06 17:39:48,480 INFO o.a.j.t.JMeterThread: Thread started: Users 1-780
2026-06-06 17:39:48,511 INFO o.a.j.t.JMeterThread: Thread started: Users 1-781
2026-06-06 17:39:48,544 INFO o.a.j.t.JMeterThread: Thread started: Users 1-782
2026-06-06 17:39:48,572 INFO o.a.j.t.JMeterThread: Thread started: Users 1-783
2026-06-06 17:39:48,605 INFO o.a.j.t.JMeterThread: Thread started: Users 1-784
2026-06-06 17:39:48,633 INFO o.a.j.t.JMeterThread: Thread started: Users 1-785
2026-06-06 17:39:48,660 INFO o.a.j.t.JMeterThread: Thread started: Users 1-786
2026-06-06 17:39:48,694 INFO o.a.j.t.JMeterThread: Thread started: Users 1-787
2026-06-06 17:39:48,722 INFO o.a.j.t.JMeterThread: Thread started: Users 1-788
2026-06-06 17:39:48,750 INFO o.a.j.t.JMeterThread: Thread started: Users 1-789
2026-06-06 17:39:48,783 INFO o.a.j.t.JMeterThread: Thread started: Users 1-790
2026-06-06 17:39:48,812 INFO o.a.j.t.JMeterThread: Thread started: Users 1-791
2026-06-06 17:39:48,840 INFO o.a.j.t.JMeterThread: Thread started: Users 1-792
2026-06-06 17:39:48,872 INFO o.a.j.t.JMeterThread: Thread started: Users 1-793
2026-06-06 17:39:48,901 INFO o.a.j.t.JMeterThread: Thread started: Users 1-794
2026-06-06 17:39:48,931 INFO o.a.j.t.JMeterThread: Thread started: Users 1-795
2026-06-06 17:39:48,961 INFO o.a.j.t.JMeterThread: Thread started: Users 1-796
2026-06-06 17:39:48,990 INFO o.a.j.t.JMeterThread: Thread started: Users 1-797
2026-06-06 17:39:49,020 INFO o.a.j.t.JMeterThread: Thread started: Users 1-798
2026-06-06 17:39:49,054 INFO o.a.j.t.JMeterThread: Thread started: Users 1-799
2026-06-06 17:39:49,081 INFO o.a.j.t.JMeterThread: Thread started: Users 1-800
2026-06-06 17:39:49,113 INFO o.a.j.t.JMeterThread: Thread started: Users 1-801
2026-06-06 17:39:49,141 INFO o.a.j.t.JMeterThread: Thread started: Users 1-802
2026-06-06 17:39:49,170 INFO o.a.j.t.JMeterThread: Thread started: Users 1-803
2026-06-06 17:39:49,203 INFO o.a.j.t.JMeterThread: Thread started: Users 1-804
2026-06-06 17:39:49,231 INFO o.a.j.t.JMeterThread: Thread started: Users 1-805
2026-06-06 17:39:49,260 INFO o.a.j.t.JMeterThread: Thread started: Users 1-806
2026-06-06 17:39:49,290 INFO o.a.j.t.JMeterThread: Thread started: Users 1-807
2026-06-06 17:39:49,323 INFO o.a.j.t.JMeterThread: Thread started: Users 1-808
2026-06-06 17:39:49,351 INFO o.a.j.t.JMeterThread: Thread started: Users 1-809
2026-06-06 17:39:49,383 INFO o.a.j.t.JMeterThread: Thread started: Users 1-810
2026-06-06 17:39:49,413 INFO o.a.j.t.JMeterThread: Thread started: Users 1-811
2026-06-06 17:39:49,440 INFO o.a.j.t.JMeterThread: Thread started: Users 1-812
2026-06-06 17:39:49,470 INFO o.a.j.t.JMeterThread: Thread started: Users 1-813
2026-06-06 17:39:49,502 INFO o.a.j.t.JMeterThread: Thread started: Users 1-814
2026-06-06 17:39:49,530 INFO o.a.j.t.JMeterThread: Thread started: Users 1-815
2026-06-06 17:39:49,560 INFO o.a.j.t.JMeterThread: Thread started: Users 1-816
2026-06-06 17:39:49,591 INFO o.a.j.t.JMeterThread: Thread started: Users 1-817
2026-06-06 17:39:49,624 INFO o.a.j.t.JMeterThread: Thread started: Users 1-818
2026-06-06 17:39:49,653 INFO o.a.j.t.JMeterThread: Thread started: Users 1-819
2026-06-06 17:39:49,681 INFO o.a.j.t.JMeterThread: Thread started: Users 1-820
2026-06-06 17:39:49,711 INFO o.a.j.t.JMeterThread: Thread started: Users 1-821
2026-06-06 17:39:49,741 INFO o.a.j.t.JMeterThread: Thread started: Users 1-822
2026-06-06 17:39:49,770 INFO o.a.j.t.JMeterThread: Thread started: Users 1-823
2026-06-06 17:39:49,802 INFO o.a.j.t.JMeterThread: Thread started: Users 1-824
2026-06-06 17:39:49,830 INFO o.a.j.t.JMeterThread: Thread started: Users 1-825
2026-06-06 17:39:49,862 INFO o.a.j.t.JMeterThread: Thread started: Users 1-826
2026-06-06 17:39:49,894 INFO o.a.j.t.JMeterThread: Thread started: Users 1-827
2026-06-06 17:39:49,921 INFO o.a.j.t.JMeterThread: Thread started: Users 1-828
2026-06-06 17:39:49,950 INFO o.a.j.t.JMeterThread: Thread started: Users 1-829
2026-06-06 17:39:49,982 INFO o.a.j.t.JMeterThread: Thread started: Users 1-830
2026-06-06 17:39:50,011 INFO o.a.j.t.JMeterThread: Thread started: Users 1-831
2026-06-06 17:39:50,040 INFO o.a.j.t.JMeterThread: Thread started: Users 1-832
2026-06-06 17:39:50,070 INFO o.a.j.t.JMeterThread: Thread started: Users 1-833
2026-06-06 17:39:50,103 INFO o.a.j.t.JMeterThread: Thread started: Users 1-834
2026-06-06 17:39:50,130 INFO o.a.j.t.JMeterThread: Thread started: Users 1-835
2026-06-06 17:39:50,160 INFO o.a.j.t.JMeterThread: Thread started: Users 1-836
2026-06-06 17:39:50,191 INFO o.a.j.t.JMeterThread: Thread started: Users 1-837
2026-06-06 17:39:50,221 INFO o.a.j.t.JMeterThread: Thread started: Users 1-838
2026-06-06 17:39:50,251 INFO o.a.j.t.JMeterThread: Thread started: Users 1-839
2026-06-06 17:39:50,280 INFO o.a.j.t.JMeterThread: Thread started: Users 1-840
2026-06-06 17:39:50,313 INFO o.a.j.t.JMeterThread: Thread started: Users 1-841
2026-06-06 17:39:50,342 INFO o.a.j.t.JMeterThread: Thread started: Users 1-842
2026-06-06 17:39:50,373 INFO o.a.j.t.JMeterThread: Thread started: Users 1-843
2026-06-06 17:39:50,402 INFO o.a.j.t.JMeterThread: Thread started: Users 1-844
2026-06-06 17:39:50,431 INFO o.a.j.t.JMeterThread: Thread started: Users 1-845
2026-06-06 17:39:50,462 INFO o.a.j.t.JMeterThread: Thread started: Users 1-846
2026-06-06 17:39:50,493 INFO o.a.j.t.JMeterThread: Thread started: Users 1-847
2026-06-06 17:39:50,522 INFO o.a.j.t.JMeterThread: Thread started: Users 1-848
2026-06-06 17:39:50,555 INFO o.a.j.t.JMeterThread: Thread started: Users 1-849
2026-06-06 17:39:50,580 INFO o.a.j.t.JMeterThread: Thread started: Users 1-850
2026-06-06 17:39:50,615 INFO o.a.j.t.JMeterThread: Thread started: Users 1-851
2026-06-06 17:39:50,644 INFO o.a.j.t.JMeterThread: Thread started: Users 1-852
2026-06-06 17:39:50,672 INFO o.a.j.t.JMeterThread: Thread started: Users 1-853
2026-06-06 17:39:50,701 INFO o.a.j.t.JMeterThread: Thread started: Users 1-854
2026-06-06 17:39:50,732 INFO o.a.j.t.JMeterThread: Thread started: Users 1-855
2026-06-06 17:39:50,761 INFO o.a.j.t.JMeterThread: Thread started: Users 1-856
2026-06-06 17:39:50,793 INFO o.a.j.t.JMeterThread: Thread started: Users 1-857
2026-06-06 17:39:50,825 INFO o.a.j.t.JMeterThread: Thread started: Users 1-858
2026-06-06 17:39:50,851 INFO o.a.j.t.JMeterThread: Thread started: Users 1-859
2026-06-06 17:39:50,881 INFO o.a.j.t.JMeterThread: Thread started: Users 1-860
2026-06-06 17:39:50,912 INFO o.a.j.t.JMeterThread: Thread started: Users 1-861
2026-06-06 17:39:50,942 INFO o.a.j.t.JMeterThread: Thread started: Users 1-862
2026-06-06 17:39:50,971 INFO o.a.j.t.JMeterThread: Thread started: Users 1-863
2026-06-06 17:39:51,001 INFO o.a.j.t.JMeterThread: Thread started: Users 1-864
2026-06-06 17:39:51,030 INFO o.a.j.t.JMeterThread: Thread started: Users 1-865
2026-06-06 17:39:51,063 INFO o.a.j.t.JMeterThread: Thread started: Users 1-866
2026-06-06 17:39:51,091 INFO o.a.j.t.JMeterThread: Thread started: Users 1-867
2026-06-06 17:39:51,120 INFO o.a.j.t.JMeterThread: Thread started: Users 1-868
2026-06-06 17:39:51,152 INFO o.a.j.t.JMeterThread: Thread started: Users 1-869
2026-06-06 17:39:51,184 INFO o.a.j.t.JMeterThread: Thread started: Users 1-870
2026-06-06 17:39:51,212 INFO o.a.j.t.JMeterThread: Thread started: Users 1-871
2026-06-06 17:39:51,242 INFO o.a.j.t.JMeterThread: Thread started: Users 1-872
2026-06-06 17:39:51,273 INFO o.a.j.t.JMeterThread: Thread started: Users 1-873
2026-06-06 17:39:51,302 INFO o.a.j.t.JMeterThread: Thread started: Users 1-874
2026-06-06 17:39:51,331 INFO o.a.j.t.JMeterThread: Thread started: Users 1-875
2026-06-06 17:39:51,367 INFO o.a.j.t.JMeterThread: Thread started: Users 1-876
2026-06-06 17:39:51,396 INFO o.a.j.t.JMeterThread: Thread started: Users 1-877
2026-06-06 17:39:51,425 INFO o.a.j.t.JMeterThread: Thread started: Users 1-878
2026-06-06 17:39:51,450 INFO o.a.j.t.JMeterThread: Thread started: Users 1-879
2026-06-06 17:39:51,482 INFO o.a.j.t.JMeterThread: Thread started: Users 1-880
2026-06-06 17:39:51,512 INFO o.a.j.t.JMeterThread: Thread started: Users 1-881
2026-06-06 17:39:51,541 INFO o.a.j.t.JMeterThread: Thread started: Users 1-882
2026-06-06 17:39:51,571 INFO o.a.j.t.JMeterThread: Thread started: Users 1-883
2026-06-06 17:39:51,605 INFO o.a.j.t.JMeterThread: Thread started: Users 1-884
2026-06-06 17:39:51,634 INFO o.a.j.t.JMeterThread: Thread started: Users 1-885
2026-06-06 17:39:51,665 INFO o.a.j.t.JMeterThread: Thread started: Users 1-886
2026-06-06 17:39:51,694 INFO o.a.j.t.JMeterThread: Thread started: Users 1-887
2026-06-06 17:39:51,721 INFO o.a.j.t.JMeterThread: Thread started: Users 1-888
2026-06-06 17:39:51,752 INFO o.a.j.t.JMeterThread: Thread started: Users 1-889
2026-06-06 17:39:51,782 INFO o.a.j.t.JMeterThread: Thread started: Users 1-890
2026-06-06 17:39:51,812 INFO o.a.j.t.JMeterThread: Thread started: Users 1-891
2026-06-06 17:39:51,845 INFO o.a.j.t.JMeterThread: Thread started: Users 1-892
2026-06-06 17:39:51,870 INFO o.a.j.t.JMeterThread: Thread started: Users 1-893
2026-06-06 17:39:51,901 INFO o.a.j.t.JMeterThread: Thread started: Users 1-894
2026-06-06 17:39:51,930 INFO o.a.j.t.JMeterThread: Thread started: Users 1-895
2026-06-06 17:39:51,960 INFO o.a.j.t.JMeterThread: Thread started: Users 1-896
2026-06-06 17:39:51,991 INFO o.a.j.t.JMeterThread: Thread started: Users 1-897
2026-06-06 17:39:52,021 INFO o.a.j.t.JMeterThread: Thread started: Users 1-898
2026-06-06 17:39:52,053 INFO o.a.j.t.JMeterThread: Thread started: Users 1-899
2026-06-06 17:39:52,081 INFO o.a.j.t.JMeterThread: Thread started: Users 1-900
2026-06-06 17:39:52,110 INFO o.a.j.t.JMeterThread: Thread started: Users 1-901
2026-06-06 17:39:52,142 INFO o.a.j.t.JMeterThread: Thread started: Users 1-902
2026-06-06 17:39:52,175 INFO o.a.j.t.JMeterThread: Thread started: Users 1-903
2026-06-06 17:39:52,204 INFO o.a.j.t.JMeterThread: Thread started: Users 1-904
2026-06-06 17:39:52,235 INFO o.a.j.t.JMeterThread: Thread started: Users 1-905
2026-06-06 17:39:52,262 INFO o.a.j.t.JMeterThread: Thread started: Users 1-906
2026-06-06 17:39:52,307 INFO o.a.j.t.JMeterThread: Thread started: Users 1-907
2026-06-06 17:39:52,328 INFO o.a.j.t.JMeterThread: Thread started: Users 1-908
2026-06-06 17:39:52,372 INFO o.a.j.t.JMeterThread: Thread started: Users 1-909
2026-06-06 17:39:52,385 INFO o.a.j.t.JMeterThread: Thread started: Users 1-910
2026-06-06 17:39:52,417 INFO o.a.j.t.JMeterThread: Thread started: Users 1-911
2026-06-06 17:39:52,446 INFO o.a.j.t.JMeterThread: Thread started: Users 1-912
2026-06-06 17:39:52,470 INFO o.a.j.t.JMeterThread: Thread started: Users 1-913
2026-06-06 17:39:52,505 INFO o.a.j.t.JMeterThread: Thread started: Users 1-914
2026-06-06 17:39:52,532 INFO o.a.j.t.JMeterThread: Thread started: Users 1-915
2026-06-06 17:39:52,565 INFO o.a.j.t.JMeterThread: Thread started: Users 1-916
2026-06-06 17:39:52,590 INFO o.a.j.t.JMeterThread: Thread started: Users 1-917
2026-06-06 17:39:52,622 INFO o.a.j.t.JMeterThread: Thread started: Users 1-918
2026-06-06 17:39:52,656 INFO o.a.j.t.JMeterThread: Thread started: Users 1-919
2026-06-06 17:39:52,681 INFO o.a.j.t.JMeterThread: Thread started: Users 1-920
2026-06-06 17:39:52,716 INFO o.a.j.t.JMeterThread: Thread started: Users 1-921
2026-06-06 17:39:52,740 INFO o.a.j.t.JMeterThread: Thread started: Users 1-922
2026-06-06 17:39:52,772 INFO o.a.j.t.JMeterThread: Thread started: Users 1-923
2026-06-06 17:39:52,802 INFO o.a.j.t.JMeterThread: Thread started: Users 1-924
2026-06-06 17:39:52,830 INFO o.a.j.t.JMeterThread: Thread started: Users 1-925
2026-06-06 17:39:52,862 INFO o.a.j.t.JMeterThread: Thread started: Users 1-926
2026-06-06 17:39:52,891 INFO o.a.j.t.JMeterThread: Thread started: Users 1-927
2026-06-06 17:39:52,925 INFO o.a.j.t.JMeterThread: Thread started: Users 1-928
2026-06-06 17:39:52,951 INFO o.a.j.t.JMeterThread: Thread started: Users 1-929
2026-06-06 17:39:52,982 INFO o.a.j.t.JMeterThread: Thread started: Users 1-930
2026-06-06 17:39:53,013 INFO o.a.j.t.JMeterThread: Thread started: Users 1-931
2026-06-06 17:39:53,043 INFO o.a.j.t.JMeterThread: Thread started: Users 1-932
2026-06-06 17:39:53,072 INFO o.a.j.t.JMeterThread: Thread started: Users 1-933
2026-06-06 17:39:53,102 INFO o.a.j.t.JMeterThread: Thread started: Users 1-934
2026-06-06 17:39:53,132 INFO o.a.j.t.JMeterThread: Thread started: Users 1-935
2026-06-06 17:39:53,161 INFO o.a.j.t.JMeterThread: Thread started: Users 1-936
2026-06-06 17:39:53,190 INFO o.a.j.t.JMeterThread: Thread started: Users 1-937
2026-06-06 17:39:53,225 INFO o.a.j.t.JMeterThread: Thread started: Users 1-938
2026-06-06 17:39:53,255 INFO o.a.j.t.JMeterThread: Thread started: Users 1-939
2026-06-06 17:39:53,281 INFO o.a.j.t.JMeterThread: Thread started: Users 1-940
2026-06-06 17:39:53,316 INFO o.a.j.t.JMeterThread: Thread started: Users 1-941
2026-06-06 17:39:53,342 INFO o.a.j.t.JMeterThread: Thread started: Users 1-942
2026-06-06 17:39:53,371 INFO o.a.j.t.JMeterThread: Thread started: Users 1-943
2026-06-06 17:39:53,401 INFO o.a.j.t.JMeterThread: Thread started: Users 1-944
2026-06-06 17:39:53,432 INFO o.a.j.t.JMeterThread: Thread started: Users 1-945
2026-06-06 17:39:53,466 INFO o.a.j.t.JMeterThread: Thread started: Users 1-946
2026-06-06 17:39:53,495 INFO o.a.j.t.JMeterThread: Thread started: Users 1-947
2026-06-06 17:39:53,522 INFO o.a.j.t.JMeterThread: Thread started: Users 1-948
2026-06-06 17:39:53,555 INFO o.a.j.t.JMeterThread: Thread started: Users 1-949
2026-06-06 17:39:53,583 INFO o.a.j.t.JMeterThread: Thread started: Users 1-950
2026-06-06 17:39:53,616 INFO o.a.j.t.JMeterThread: Thread started: Users 1-951
2026-06-06 17:39:53,641 INFO o.a.j.t.JMeterThread: Thread started: Users 1-952
2026-06-06 17:39:53,671 INFO o.a.j.t.JMeterThread: Thread started: Users 1-953
2026-06-06 17:39:53,705 INFO o.a.j.t.JMeterThread: Thread started: Users 1-954
2026-06-06 17:39:53,730 INFO o.a.j.t.JMeterThread: Thread started: Users 1-955
2026-06-06 17:39:53,760 INFO o.a.j.t.JMeterThread: Thread started: Users 1-956
2026-06-06 17:39:53,794 INFO o.a.j.t.JMeterThread: Thread started: Users 1-957
2026-06-06 17:39:53,821 INFO o.a.j.t.JMeterThread: Thread started: Users 1-958
2026-06-06 17:39:53,851 INFO o.a.j.t.JMeterThread: Thread started: Users 1-959
2026-06-06 17:39:53,883 INFO o.a.j.t.JMeterThread: Thread started: Users 1-960
2026-06-06 17:39:53,911 INFO o.a.j.t.JMeterThread: Thread started: Users 1-961
2026-06-06 17:39:53,946 INFO o.a.j.t.JMeterThread: Thread started: Users 1-962
2026-06-06 17:39:53,975 INFO o.a.j.t.JMeterThread: Thread started: Users 1-963
2026-06-06 17:39:54,001 INFO o.a.j.t.JMeterThread: Thread started: Users 1-964
2026-06-06 17:39:54,031 INFO o.a.j.t.JMeterThread: Thread started: Users 1-965
2026-06-06 17:39:54,062 INFO o.a.j.t.JMeterThread: Thread started: Users 1-966
2026-06-06 17:39:54,091 INFO o.a.j.t.JMeterThread: Thread started: Users 1-967
2026-06-06 17:39:54,122 INFO o.a.j.t.JMeterThread: Thread started: Users 1-968
2026-06-06 17:39:54,150 INFO o.a.j.t.JMeterThread: Thread started: Users 1-969
2026-06-06 17:39:54,183 INFO o.a.j.t.JMeterThread: Thread started: Users 1-970
2026-06-06 17:39:54,215 INFO o.a.j.t.JMeterThread: Thread started: Users 1-971
2026-06-06 17:39:54,242 INFO o.a.j.t.JMeterThread: Thread started: Users 1-972
2026-06-06 17:39:54,273 INFO o.a.j.t.JMeterThread: Thread started: Users 1-973
2026-06-06 17:39:54,302 INFO o.a.j.t.JMeterThread: Thread started: Users 1-974
2026-06-06 17:39:54,333 INFO o.a.j.t.JMeterThread: Thread started: Users 1-975
2026-06-06 17:39:54,364 INFO o.a.j.t.JMeterThread: Thread started: Users 1-976
2026-06-06 17:39:54,390 INFO o.a.j.t.JMeterThread: Thread started: Users 1-977
2026-06-06 17:39:54,420 INFO o.a.j.t.JMeterThread: Thread started: Users 1-978
2026-06-06 17:39:54,450 INFO o.a.j.t.JMeterThread: Thread started: Users 1-979
2026-06-06 17:39:54,481 INFO o.a.j.t.JMeterThread: Thread started: Users 1-980
2026-06-06 17:39:54,515 INFO o.a.j.t.JMeterThread: Thread started: Users 1-981
2026-06-06 17:39:54,541 INFO o.a.j.t.JMeterThread: Thread started: Users 1-982
2026-06-06 17:39:54,570 INFO o.a.j.t.JMeterThread: Thread started: Users 1-983
2026-06-06 17:39:54,604 INFO o.a.j.t.JMeterThread: Thread started: Users 1-984
2026-06-06 17:39:54,633 INFO o.a.j.t.JMeterThread: Thread started: Users 1-985
2026-06-06 17:39:54,662 INFO o.a.j.t.JMeterThread: Thread started: Users 1-986
2026-06-06 17:39:54,691 INFO o.a.j.t.JMeterThread: Thread started: Users 1-987
2026-06-06 17:39:54,720 INFO o.a.j.t.JMeterThread: Thread started: Users 1-988
2026-06-06 17:39:54,750 INFO o.a.j.t.JMeterThread: Thread started: Users 1-989
2026-06-06 17:39:54,782 INFO o.a.j.t.JMeterThread: Thread started: Users 1-990
2026-06-06 17:39:54,812 INFO o.a.j.t.JMeterThread: Thread started: Users 1-991
2026-06-06 17:39:54,843 INFO o.a.j.t.JMeterThread: Thread started: Users 1-992
2026-06-06 17:39:54,870 INFO o.a.j.t.JMeterThread: Thread started: Users 1-993
2026-06-06 17:39:54,900 INFO o.a.j.t.JMeterThread: Thread started: Users 1-994
2026-06-06 17:39:54,930 INFO o.a.j.t.JMeterThread: Thread started: Users 1-995
2026-06-06 17:39:54,961 INFO o.a.j.t.JMeterThread: Thread started: Users 1-996
2026-06-06 17:39:54,993 INFO o.a.j.t.JMeterThread: Thread started: Users 1-997
2026-06-06 17:39:55,024 INFO o.a.j.t.JMeterThread: Thread started: Users 1-998
2026-06-06 17:39:55,051 INFO o.a.j.t.JMeterThread: Thread started: Users 1-999
2026-06-06 17:39:55,080 INFO o.a.j.t.JMeterThread: Thread started: Users 1-1000
2026-06-06 17:40:00,001 INFO o.a.j.r.Summariser: summary +  23328 in 00:00:30 =  777.6/s Avg:   809 Min:    54 Max:  2483 Err:     0 (0.00%) Active: 1000 Started: 1000 Finished: 0
2026-06-06 17:40:00,001 INFO o.a.j.r.Summariser: summary =  27067 in 00:00:35 =  775.6/s Avg:   712 Min:     6 Max:  2483 Err:     0 (0.00%)
2026-06-06 17:40:25,122 INFO o.a.j.t.JMeterThread: Stopping because end time detected by thread: Users 1-109
2026-06-06 17:40:25,123 INFO o.a.j.t.JMeterThread: Thread finished: Users 1-109
2026-06-06 17:40:25,124 INFO o.a.j.t.JMeterThread: Stopping because end time detected by thread: Users 1-42
2026-06-06 17:40:25,124 INFO o.a.j.t.JMeterThread: Thread finished: Users 1-42
2026-06-06 17:40:25,132 INFO o.a.j.t.JMeterThread: Stopping because end time detected by thread: Users 1-234
2026-06-06 17:40:25,132 INFO o.a.j.t.JMeterThread: Thread finished: Users 1-234
2026-06-06 17:40:25,144 INFO o.a.j.t.JMeterThread: Stopping because end time detected by thread: Users 1-254
2026-06-06 17:40:25,144 INFO o.a.j.t.JMeterThread: Thread finished: Users 1-254
2026-06-06 17:40:25,145 INFO o.a.j.t.JMeterThread: Stopping because end time detected by thread: Users 1-98
2026-06-06 17:40:25,145 INFO o.a.j.t.JMeterThread: Thread finished: Users 1-98
2026-06-06 17:40:25,148 INFO o.a.j.t.JMeterThread: Stopping because end time detected by thread: Users 1-273
2026-06-06 17:40:25,148 INFO o.a.j.t.JMeterThread: Thread finished: Users 1-273
2026-06-06 17:40:25,153 INFO o.a.j.t.JMeterThread: Stopping because end time detected by thread: Users 1-285
2026-06-06 17:40:25,153 INFO o.a.j.t.JMeterThread: Thread finished: Users 1-285
2026-06-06 17:40:25,154 INFO o.a.j.t.JMeterThread: Stopping because end time detected by thread: Users 1-113
2026-06-06 17:40:25,154 INFO o.a.j.t.JMeterThread: Thread finished: Users 1-113
2026-06-06 17:40:25,155 INFO o.a.j.t.JMeterThread: Stopping because end time detected by thread: Users 1-52
2026-06-06 17:40:25,155 INFO o.a.j.t.JMeterThread: Thread finished: Users 1-52
2026-06-06 17:40:25,156 INFO o.a.j.t.JMeterThread: Stopping because end time detected by thread: Users 1-40
2026-06-06 17:40:25,156 INFO o.a.j.t.JMeterThread: Thread finished: Users 1-40
2026-06-06 17:40:25,157 INFO o.a.j.t.JMeterThread: Stopping because end time detected by thread: Users 1-245
2026-06-06 17:40:25,157 INFO o.a.j.t.JMeterThread: Thread finished: Users 1-245
2026-06-06 17:40:25,158 INFO o.a.j.t.JMeterThread: Stopping because end time detected by thread: Users 1-395
2026-06-06 17:40:25,158 INFO o.a.j.t.JMeterThread: Thread finished: Users 1-395
2026-06-06 17:40:25,160 INFO o.a.j.t.JMeterThread: Stopping because end time detected by thread: Users 1-200
2026-06-06 17:40:25,160 INFO o.a.j.t.JMeterThread: Thread finished: Users 1-200
2026-06-06 17:40:25,162 INFO o.a.j.t.JMeterThread: Stopping because end time detected by thread: Users 1-483
2026-06-06 17:40:25,162 INFO o.a.j.t.JMeterThread: Thread finished: Users 1-483
2026-06-06 17:40:25,163 INFO o.a.j.t.JMeterThread: Stopping because end time detected by thread: Users 1-3
2026-06-06 17:40:25,163 INFO o.a.j.t.JMeterThread: Thread finished: Users 1-3
2026-06-06 17:40:25,165 INFO o.a.j.t.JMeterThread: Stopping because end time detected by thread: Users 1-142
2026-06-06 17:40:25,165 INFO o.a.j.t.JMeterThread: Thread finished: Users 1-142
2026-06-06 17:40:25,167 INFO o.a.j.t.JMeterThread: Stopping because end time detected by thread: Users 1-69
2026-06-06 17:40:25,167 INFO o.a.j.t.JMeterThread: Thread finished: Users 1-69
2026-06-06 17:40:25,168 INFO o.a.j.t.JMeterThread: Stopping because end time detected by thread: Users 1-378
2026-06-06 17:40:25,168 INFO o.a.j.t.JMeterThread: Thread finished: Users 1-378
2026-06-06 17:40:25,170 INFO o.a.j.t.JMeterThread: Stopping because end time detected by thread: Users 1-263
2026-06-06 17:40:25,170 INFO o.a.j.t.JMeterThread: Thread finished: Users 1-263
2026-06-06 17:40:25,172 INFO o.a.j.t.JMeterThread: Stopping because end time detected by thread: Users 1-322
2026-06-06 17:40:25,172 INFO o.a.j.t.JMeterThread: Thread finished: Users 1-322
2026-06-06 17:40:25,174 INFO o.a.j.t.JMeterThread: Stopping because end time detected by thread: Users 1-447
2026-06-06 17:40:25,174 INFO o.a.j.t.JMeterThread: Thread finished: Users 1-447
2026-06-06 17:40:25,175 INFO o.a.j.t.JMeterThread: Stopping because end time detected by thread: Users 1-584
2026-06-06 17:40:25,175 INFO o.a.j.t.JMeterThread: Thread finished: Users 1-584
2026-06-06 17:40:25,176 INFO o.a.j.t.JMeterThread: Stopping because end time detected by thread: Users 1-464
2026-06-06 17:40:25,176 INFO o.a.j.t.JMeterThread: Thread finished: Users 1-464
2026-06-06 17:40:25,180 INFO o.a.j.t.JMeterThread: Stopping because end time detected by thread: Users 1-361
2026-06-06 17:40:25,180 INFO o.a.j.t.JMeterThread: Thread finished: Users 1-361
2026-06-06 17:40:25,181 INFO o.a.j.t.JMeterThread: Stopping because end time detected by thread: Users 1-21
2026-06-06 17:40:25,181 INFO o.a.j.t.JMeterThread: Thread finished: Users 1-21
2026-06-06 17:40:25,185 INFO o.a.j.t.JMeterThread: Stopping because end time detected by thread: Users 1-608
2026-06-06 17:40:25,185 INFO o.a.j.t.JMeterThread: Thread finished: Users 1-608
2026-06-06 17:40:25,186 INFO o.a.j.t.JMeterThread: Stopping because end time detected by thread: Users 1-413
2026-06-06 17:40:25,186 INFO o.a.j.t.JMeterThread: Thread finished: Users 1-413
2026-06-06 17:40:25,188 INFO o.a.j.t.JMeterThread: Stopping because end time detected by thread: Users 1-522
2026-06-06 17:40:25,188 INFO o.a.j.t.JMeterThread: Thread finished: Users 1-522
2026-06-06 17:40:25,189 INFO o.a.j.t.JMeterThread: Stopping because end time detected by thread: Users 1-680
2026-06-06 17:40:25,189 INFO o.a.j.t.JMeterThread: Thread finished: Users 1-680
2026-06-06 17:40:25,191 INFO o.a.j.t.JMeterThread: Stopping because end time detected by thread: Users 1-541
2026-06-06 17:40:25,191 INFO o.a.j.t.JMeterThread: Thread finished: Users 1-541
2026-06-06 17:40:25,192 INFO o.a.j.t.JMeterThread: Stopping because end time detected by thread: Users 1-17
2026-06-06 17:40:25,192 INFO o.a.j.t.JMeterThread: Thread finished: Users 1-17
2026-06-06 17:40:25,193 INFO o.a.j.t.JMeterThread: Stopping because end time detected by thread: Users 1-739
2026-06-06 17:40:25,193 INFO o.a.j.t.JMeterThread: Thread finished: Users 1-739
2026-06-06 17:40:25,194 INFO o.a.j.t.JMeterThread: Stopping because end time detected by thread: Users 1-562
2026-06-06 17:40:25,194 INFO o.a.j.t.JMeterThread: Thread finished: Users 1-562
2026-06-06 17:40:25,195 INFO o.a.j.t.JMeterThread: Stopping because end time detected by thread: Users 1-118
2026-06-06 17:40:25,195 INFO o.a.j.t.JMeterThread: Thread finished: Users 1-118
2026-06-06 17:40:25,196 INFO o.a.j.t.JMeterThread: Stopping because end time detected by thread: Users 1-430
2026-06-06 17:40:25,196 INFO o.a.j.t.JMeterThread: Thread finished: Users 1-430
2026-06-06 17:40:25,197 INFO o.a.j.t.JMeterThread: Stopping because end time detected by thread: Users 1-631
2026-06-06 17:40:25,197 INFO o.a.j.t.JMeterThread: Thread finished: Users 1-631
2026-06-06 17:40:25,198 INFO o.a.j.t.JMeterThread: Stopping because end time detected by thread: Users 1-1
2026-06-06 17:40:25,198 INFO o.a.j.t.JMeterThread: Thread finished: Users 1-1
2026-06-06 17:40:25,200 INFO o.a.j.t.JMeterThread: Stopping because end time detected by thread: Users 1-30
2026-06-06 17:40:25,200 INFO o.a.j.t.JMeterThread: Thread finished: Users 1-30
2026-06-06 17:40:25,201 INFO o.a.j.t.JMeterThread: Stopping because end time detected by thread: Users 1-217
2026-06-06 17:40:25,201 INFO o.a.j.t.JMeterThread: Thread finished: Users 1-217
2026-06-06 17:40:25,202 INFO o.a.j.t.JMeterThread: Stopping because end time detected by thread: Users 1-502
2026-06-06 17:40:25,202 INFO o.a.j.t.JMeterThread: Thread finished: Users 1-502
2026-06-06 17:40:25,203 INFO o.a.j.t.JMeterThread: Stopping because end time detected by thread: Users 1-22
2026-06-06 17:40:25,203 INFO o.a.j.t.JMeterThread: Thread finished: Users 1-22
2026-06-06 17:40:25,205 INFO o.a.j.t.JMeterThread: Stopping because end time detected by thread: Users 1-585
2026-06-06 17:40:25,205 INFO o.a.j.t.JMeterThread: Thread finished: Users 1-585
2026-06-06 17:40:25,206 INFO o.a.j.t.JMeterThread: Stopping because end time detected by thread: Users 1-740
2026-06-06 17:40:25,206 INFO o.a.j.t.JMeterThread: Thread finished: Users 1-740
2026-06-06 17:40:25,207 INFO o.a.j.t.JMeterThread: Stopping because end time detected by thread: Users 1-264
2026-06-06 17:40:25,207 INFO o.a.j.t.JMeterThread: Thread finished: Users 1-264
2026-06-06 17:40:25,208 INFO o.a.j.t.JMeterThread: Stopping because end time detected by thread: Users 1-63
2026-06-06 17:40:25,208 INFO o.a.j.t.JMeterThread: Thread finished: Users 1-63
2026-06-06 17:40:25,209 INFO o.a.j.t.JMeterThread: Stopping because end time detected by thread: Users 1-807
2026-06-06 17:40:25,209 INFO o.a.j.t.JMeterThread: Thread finished: Users 1-807
2026-06-06 17:40:25,210 INFO o.a.j.t.JMeterThread: Stopping because end time detected by thread: Users 1-873
2026-06-06 17:40:25,210 INFO o.a.j.t.JMeterThread: Thread finished: Users 1-873
2026-06-06 17:40:25,211 INFO o.a.j.t.JMeterThread: Stopping because end time detected by thread: Users 1-706
2026-06-06 17:40:25,211 INFO o.a.j.t.JMeterThread: Thread finished: Users 1-706
2026-06-06 17:40:25,212 INFO o.a.j.t.JMeterThread: Stopping because end time detected by thread: Users 1-192
2026-06-06 17:40:25,212 INFO o.a.j.t.JMeterThread: Thread finished: Users 1-192
2026-06-06 17:40:25,213 INFO o.a.j.t.JMeterThread: Stopping because end time detected by thread: Users 1-362
2026-06-06 17:40:25,213 INFO o.a.j.t.JMeterThread: Thread finished: Users 1-362
2026-06-06 17:40:25,214 INFO o.a.j.t.JMeterThread: Stopping because end time detected by thread: Users 1-837
2026-06-06 17:40:25,214 INFO o.a.j.t.JMeterThread: Thread finished: Users 1-837
2026-06-06 17:40:25,216 INFO o.a.j.t.JMeterThread: Stopping because end time detected by thread: Users 1-956
2026-06-06 17:40:25,216 INFO o.a.j.t.JMeterThread: Thread finished: Users 1-956
2026-06-06 17:40:25,216 INFO o.a.j.t.JMeterThread: Stopping because end time detected by thread: Users 1-136
2026-06-06 17:40:25,217 INFO o.a.j.t.JMeterThread: Thread finished: Users 1-136
2026-06-06 17:40:25,217 INFO o.a.j.t.JMeterThread: Stopping because end time detected by thread: Users 1-178
2026-06-06 17:40:25,217 INFO o.a.j.t.JMeterThread: Thread finished: Users 1-178
2026-06-06 17:40:25,218 INFO o.a.j.t.JMeterThread: Stopping because end time detected by thread: Users 1-656
2026-06-06 17:40:25,218 INFO o.a.j.t.JMeterThread: Thread finished: Users 1-656
2026-06-06 17:40:25,219 INFO o.a.j.t.JMeterThread: Stopping because end time detected by thread: Users 1-335
2026-06-06 17:40:25,219 INFO o.a.j.t.JMeterThread: Thread finished: Users 1-335
2026-06-06 17:40:25,220 INFO o.a.j.t.JMeterThread: Stopping because end time detected by thread: Users 1-775
2026-06-06 17:40:25,220 INFO o.a.j.t.JMeterThread: Thread finished: Users 1-775
2026-06-06 17:40:25,221 INFO o.a.j.t.JMeterThread: Stopping because end time detected by thread: Users 1-484
2026-06-06 17:40:25,221 INFO o.a.j.t.JMeterThread: Thread finished: Users 1-484
2026-06-06 17:40:25,223 INFO o.a.j.t.JMeterThread: Stopping because end time detected by thread: Users 1-130
2026-06-06 17:40:25,223 INFO o.a.j.t.JMeterThread: Thread finished: Users 1-130
2026-06-06 17:40:25,224 INFO o.a.j.t.JMeterThread: Stopping because end time detected by thread: Users 1-235
2026-06-06 17:40:25,224 INFO o.a.j.t.JMeterThread: Thread finished: Users 1-235
2026-06-06 17:40:25,225 INFO o.a.j.t.JMeterThread: Stopping because end time detected by thread: Users 1-741
2026-06-06 17:40:25,225 INFO o.a.j.t.JMeterThread: Thread finished: Users 1-741
2026-06-06 17:40:25,226 INFO o.a.j.t.JMeterThread: Stopping because end time detected by thread: Users 1-298
2026-06-06 17:40:25,226 INFO o.a.j.t.JMeterThread: Thread finished: Users 1-298
2026-06-06 17:40:25,227 INFO o.a.j.t.JMeterThread: Stopping because end time detected by thread: Users 1-396
2026-06-06 17:40:25,227 INFO o.a.j.t.JMeterThread: Thread finished: Users 1-396
2026-06-06 17:40:25,228 INFO o.a.j.t.JMeterThread: Stopping because end time detected by thread: Users 1-999
2026-06-06 17:40:25,228 INFO o.a.j.t.JMeterThread: Thread finished: Users 1-999
2026-06-06 17:40:25,229 INFO o.a.j.t.JMeterThread: Stopping because end time detected by thread: Users 1-172
2026-06-06 17:40:25,229 INFO o.a.j.t.JMeterThread: Thread finished: Users 1-172
2026-06-06 17:40:25,230 INFO o.a.j.t.JMeterThread: Stopping because end time detected by thread: Users 1-379
2026-06-06 17:40:25,230 INFO o.a.j.t.JMeterThread: Thread finished: Users 1-379
2026-06-06 17:40:25,231 INFO o.a.j.t.JMeterThread: Stopping because end time detected by thread: Users 1-681
2026-06-06 17:40:25,231 INFO o.a.j.t.JMeterThread: Thread finished: Users 1-681
2026-06-06 17:40:25,232 INFO o.a.j.t.JMeterThread: Stopping because end time detected by thread: Users 1-609
2026-06-06 17:40:25,232 INFO o.a.j.t.JMeterThread: Thread finished: Users 1-609
2026-06-06 17:40:25,233 INFO o.a.j.t.JMeterThread: Stopping because end time detected by thread: Users 1-586
2026-06-06 17:40:25,233 INFO o.a.j.t.JMeterThread: Thread finished: Users 1-586
2026-06-06 17:40:25,234 INFO o.a.j.t.JMeterThread: Stopping because end time detected by thread: Users 1-742
2026-06-06 17:40:25,234 INFO o.a.j.t.JMeterThread: Thread finished: Users 1-742
2026-06-06 17:40:25,235 INFO o.a.j.t.JMeterThread: Stopping because end time detected by thread: Users 1-874
2026-06-06 17:40:25,235 INFO o.a.j.t.JMeterThread: Thread finished: Users 1-874
2026-06-06 17:40:25,237 INFO o.a.j.t.JMeterThread: Stopping because end time detected by thread: Users 1-348
2026-06-06 17:40:25,237 INFO o.a.j.t.JMeterThread: Thread finished: Users 1-348
2026-06-06 17:40:25,238 INFO o.a.j.t.JMeterThread: Stopping because end time detected by thread: Users 1-310
2026-06-06 17:40:25,238 INFO o.a.j.t.JMeterThread: Thread finished: Users 1-310
2026-06-06 17:40:25,239 INFO o.a.j.t.JMeterThread: Stopping because end time detected by thread: Users 1-160
2026-06-06 17:40:25,239 INFO o.a.j.t.JMeterThread: Thread finished: Users 1-160
2026-06-06 17:40:25,240 INFO o.a.j.t.JMeterThread: Stopping because end time detected by thread: Users 1-274
2026-06-06 17:40:25,240 INFO o.a.j.t.JMeterThread: Thread finished: Users 1-274
2026-06-06 17:40:25,241 INFO o.a.j.t.JMeterThread: Stopping because end time detected by thread: Users 1-50
2026-06-06 17:40:25,241 INFO o.a.j.t.JMeterThread: Thread finished: Users 1-50
2026-06-06 17:40:25,257 INFO o.a.j.t.JMeterThread: Stopping because end time detected by thread: Users 1-707
2026-06-06 17:40:25,257 INFO o.a.j.t.JMeterThread: Thread finished: Users 1-707
2026-06-06 17:40:25,258 INFO o.a.j.t.JMeterThread: Stopping because end time detected by thread: Users 1-542
2026-06-06 17:40:25,258 INFO o.a.j.t.JMeterThread: Thread finished: Users 1-542
2026-06-06 17:40:25,259 INFO o.a.j.t.JMeterThread: Stopping because end time detected by thread: Users 1-838
2026-06-06 17:40:25,259 INFO o.a.j.t.JMeterThread: Thread finished: Users 1-838
2026-06-06 17:40:25,260 INFO o.a.j.t.JMeterThread: Stopping because end time detected by thread: Users 1-957
2026-06-06 17:40:25,260 INFO o.a.j.t.JMeterThread: Thread finished: Users 1-957
2026-06-06 17:40:25,261 INFO o.a.j.t.JMeterThread: Stopping because end time detected by thread: Users 1-743
2026-06-06 17:40:25,261 INFO o.a.j.t.JMeterThread: Thread finished: Users 1-743
2026-06-06 17:40:25,262 INFO o.a.j.t.JMeterThread: Stopping because end time detected by thread: Users 1-286
2026-06-06 17:40:25,262 INFO o.a.j.t.JMeterThread: Thread finished: Users 1-286
2026-06-06 17:40:25,263 INFO o.a.j.t.JMeterThread: Stopping because end time detected by thread: Users 1-632
2026-06-06 17:40:25,263 INFO o.a.j.t.JMeterThread: Thread finished: Users 1-632
2026-06-06 17:40:25,264 INFO o.a.j.t.JMeterThread: Stopping because end time detected by thread: Users 1-808
2026-06-06 17:40:25,264 INFO o.a.j.t.JMeterThread: Thread finished: Users 1-808
2026-06-06 17:40:25,265 INFO o.a.j.t.JMeterThread: Stopping because end time detected by thread: Users 1-465
2026-06-06 17:40:25,265 INFO o.a.j.t.JMeterThread: Thread finished: Users 1-465
2026-06-06 17:40:25,266 INFO o.a.j.t.JMeterThread: Stopping because end time detected by thread: Users 1-523
2026-06-06 17:40:25,266 INFO o.a.j.t.JMeterThread: Thread finished: Users 1-523
2026-06-06 17:40:25,267 INFO o.a.j.t.JMeterThread: Stopping because end time detected by thread: Users 1-166
2026-06-06 17:40:25,267 INFO o.a.j.t.JMeterThread: Thread finished: Users 1-166
2026-06-06 17:40:25,268 INFO o.a.j.t.JMeterThread: Stopping because end time detected by thread: Users 1-85
2026-06-06 17:40:25,268 INFO o.a.j.t.JMeterThread: Thread finished: Users 1-85
2026-06-06 17:40:25,269 INFO o.a.j.t.JMeterThread: Stopping because end time detected by thread: Users 1-776
2026-06-06 17:40:25,269 INFO o.a.j.t.JMeterThread: Thread finished: Users 1-776
2026-06-06 17:40:25,270 INFO o.a.j.t.JMeterThread: Stopping because end time detected by thread: Users 1-875
2026-06-06 17:40:25,270 INFO o.a.j.t.JMeterThread: Thread finished: Users 1-875
2026-06-06 17:40:25,271 INFO o.a.j.t.JMeterThread: Stopping because end time detected by thread: Users 1-1000
2026-06-06 17:40:25,271 INFO o.a.j.t.JMeterThread: Thread finished: Users 1-1000
2026-06-06 17:40:25,272 INFO o.a.j.t.JMeterThread: Stopping because end time detected by thread: Users 1-503
2026-06-06 17:40:25,272 INFO o.a.j.t.JMeterThread: Thread finished: Users 1-503
2026-06-06 17:40:25,273 INFO o.a.j.t.JMeterThread: Stopping because end time detected by thread: Users 1-563
2026-06-06 17:40:25,273 INFO o.a.j.t.JMeterThread: Thread finished: Users 1-563
2026-06-06 17:40:25,274 INFO o.a.j.t.JMeterThread: Stopping because end time detected by thread: Users 1-431
2026-06-06 17:40:25,274 INFO o.a.j.t.JMeterThread: Thread finished: Users 1-431
2026-06-06 17:40:25,275 INFO o.a.j.t.JMeterThread: Stopping because end time detected by thread: Users 1-448
2026-06-06 17:40:25,275 INFO o.a.j.t.JMeterThread: Thread finished: Users 1-448
2026-06-06 17:40:25,276 INFO o.a.j.t.JMeterThread: Stopping because end time detected by thread: Users 1-744
2026-06-06 17:40:25,276 INFO o.a.j.t.JMeterThread: Thread finished: Users 1-744
2026-06-06 17:40:25,277 INFO o.a.j.t.JMeterThread: Stopping because end time detected by thread: Users 1-414
2026-06-06 17:40:25,277 INFO o.a.j.t.JMeterThread: Thread finished: Users 1-414
2026-06-06 17:40:25,278 INFO o.a.j.t.JMeterThread: Stopping because end time detected by thread: Users 1-876
2026-06-06 17:40:25,278 INFO o.a.j.t.JMeterThread: Thread finished: Users 1-876
2026-06-06 17:40:25,279 INFO o.a.j.t.JMeterThread: Stopping because end time detected by thread: Users 1-877
2026-06-06 17:40:25,279 INFO o.a.j.t.JMeterThread: Thread finished: Users 1-877
2026-06-06 17:40:25,280 INFO o.a.j.t.JMeterThread: Stopping because end time detected by thread: Users 1-657
2026-06-06 17:40:25,280 INFO o.a.j.t.JMeterThread: Thread finished: Users 1-657
2026-06-06 17:40:25,281 INFO o.a.j.t.JMeterThread: Stopping because end time detected by thread: Users 1-878
2026-06-06 17:40:25,281 INFO o.a.j.t.JMeterThread: Thread finished: Users 1-878
2026-06-06 17:40:25,282 INFO o.a.j.t.JMeterThread: Stopping because end time detected by thread: Users 1-360
2026-06-06 17:40:25,282 INFO o.a.j.t.JMeterThread: Thread finished: Users 1-360
2026-06-06 17:40:25,283 INFO o.a.j.t.JMeterThread: Stopping because end time detected by thread: Users 1-958
2026-06-06 17:40:25,283 INFO o.a.j.t.JMeterThread: Thread finished: Users 1-958
2026-06-06 17:40:25,284 INFO o.a.j.t.JMeterThread: Stopping because end time detected by thread: Users 1-57
2026-06-06 17:40:25,284 INFO o.a.j.t.JMeterThread: Thread finished: Users 1-57
2026-06-06 17:40:25,285 INFO o.a.j.t.JMeterThread: Stopping because end time detected by thread: Users 1-587
2026-06-06 17:40:25,285 INFO o.a.j.t.JMeterThread: Thread finished: Users 1-587
2026-06-06 17:40:25,286 INFO o.a.j.t.JMeterThread: Stopping because end time detected by thread: Users 1-879
2026-06-06 17:40:25,286 INFO o.a.j.t.JMeterThread: Thread finished: Users 1-879
2026-06-06 17:40:25,287 INFO o.a.j.t.JMeterThread: Stopping because end time detected by thread: Users 1-363
2026-06-06 17:40:25,287 INFO o.a.j.t.JMeterThread: Thread finished: Users 1-363
2026-06-06 17:40:25,288 INFO o.a.j.t.JMeterThread: Stopping because end time detected by thread: Users 1-323
2026-06-06 17:40:25,288 INFO o.a.j.t.JMeterThread: Thread finished: Users 1-323
2026-06-06 17:40:25,289 INFO o.a.j.t.JMeterThread: Stopping because end time detected by thread: Users 1-255
2026-06-06 17:40:25,289 INFO o.a.j.t.JMeterThread: Thread finished: Users 1-255
2026-06-06 17:40:25,290 INFO o.a.j.t.JMeterThread: Stopping because end time detected by thread: Users 1-193
2026-06-06 17:40:25,290 INFO o.a.j.t.JMeterThread: Thread finished: Users 1-193
2026-06-06 17:40:25,291 INFO o.a.j.t.JMeterThread: Stopping because end time detected by thread: Users 1-880
2026-06-06 17:40:25,291 INFO o.a.j.t.JMeterThread: Thread finished: Users 1-880
2026-06-06 17:40:25,292 INFO o.a.j.t.JMeterThread: Stopping because end time detected by thread: Users 1-682
2026-06-06 17:40:25,292 INFO o.a.j.t.JMeterThread: Thread finished: Users 1-682
2026-06-06 17:40:25,293 INFO o.a.j.t.JMeterThread: Stopping because end time detected by thread: Users 1-543
2026-06-06 17:40:25,293 INFO o.a.j.t.JMeterThread: Thread finished: Users 1-543
2026-06-06 17:40:25,294 INFO o.a.j.t.JMeterThread: Stopping because end time detected by thread: Users 1-82
2026-06-06 17:40:25,294 INFO o.a.j.t.JMeterThread: Thread finished: Users 1-82
2026-06-06 17:40:25,295 INFO o.a.j.t.JMeterThread: Stopping because end time detected by thread: Users 1-708
2026-06-06 17:40:25,295 INFO o.a.j.t.JMeterThread: Thread finished: Users 1-708
2026-06-06 17:40:25,296 INFO o.a.j.t.JMeterThread: Stopping because end time detected by thread: Users 1-881
2026-06-06 17:40:25,296 INFO o.a.j.t.JMeterThread: Thread finished: Users 1-881
2026-06-06 17:40:25,297 INFO o.a.j.t.JMeterThread: Stopping because end time detected by thread: Users 1-839
2026-06-06 17:40:25,297 INFO o.a.j.t.JMeterThread: Thread finished: Users 1-839
2026-06-06 17:40:25,298 INFO o.a.j.t.JMeterThread: Stopping because end time detected by thread: Users 1-73
2026-06-06 17:40:25,298 INFO o.a.j.t.JMeterThread: Thread finished: Users 1-73
2026-06-06 17:40:25,299 INFO o.a.j.t.JMeterThread: Stopping because end time detected by thread: Users 1-246
2026-06-06 17:40:25,299 INFO o.a.j.t.JMeterThread: Thread finished: Users 1-246
2026-06-06 17:40:25,300 INFO o.a.j.t.JMeterThread: Stopping because end time detected by thread: Users 1-809
2026-06-06 17:40:25,300 INFO o.a.j.t.JMeterThread: Thread finished: Users 1-809
2026-06-06 17:40:25,301 INFO o.a.j.t.JMeterThread: Stopping because end time detected by thread: Users 1-102
2026-06-06 17:40:25,301 INFO o.a.j.t.JMeterThread: Thread finished: Users 1-102
2026-06-06 17:40:25,302 INFO o.a.j.t.JMeterThread: Stopping because end time detected by thread: Users 1-882
2026-06-06 17:40:25,302 INFO o.a.j.t.JMeterThread: Thread finished: Users 1-882
2026-06-06 17:40:25,303 INFO o.a.j.t.JMeterThread: Stopping because end time detected by thread: Users 1-185
2026-06-06 17:40:25,303 INFO o.a.j.t.JMeterThread: Thread finished: Users 1-185
2026-06-06 17:40:25,304 INFO o.a.j.t.JMeterThread: Stopping because end time detected by thread: Users 1-610
2026-06-06 17:40:25,304 INFO o.a.j.t.JMeterThread: Thread finished: Users 1-610
2026-06-06 17:40:25,305 INFO o.a.j.t.JMeterThread: Stopping because end time detected by thread: Users 1-349
2026-06-06 17:40:25,305 INFO o.a.j.t.JMeterThread: Thread finished: Users 1-349
2026-06-06 17:40:25,306 INFO o.a.j.t.JMeterThread: Stopping because end time detected by thread: Users 1-959
2026-06-06 17:40:25,306 INFO o.a.j.t.JMeterThread: Thread finished: Users 1-959
2026-06-06 17:40:25,307 INFO o.a.j.t.JMeterThread: Stopping because end time detected by thread: Users 1-524
2026-06-06 17:40:25,307 INFO o.a.j.t.JMeterThread: Thread finished: Users 1-524
2026-06-06 17:40:25,308 INFO o.a.j.t.JMeterThread: Stopping because end time detected by thread: Users 1-485
2026-06-06 17:40:25,308 INFO o.a.j.t.JMeterThread: Thread finished: Users 1-485
2026-06-06 17:40:25,309 INFO o.a.j.t.JMeterThread: Stopping because end time detected by thread: Users 1-777
2026-06-06 17:40:25,309 INFO o.a.j.t.JMeterThread: Thread finished: Users 1-777
2026-06-06 17:40:25,310 INFO o.a.j.t.JMeterThread: Stopping because end time detected by thread: Users 1-201
2026-06-06 17:40:25,310 INFO o.a.j.t.JMeterThread: Thread finished: Users 1-201
2026-06-06 17:40:25,311 INFO o.a.j.t.JMeterThread: Stopping because end time detected by thread: Users 1-883
2026-06-06 17:40:25,311 INFO o.a.j.t.JMeterThread: Thread finished: Users 1-883
2026-06-06 17:40:25,312 INFO o.a.j.t.JMeterThread: Stopping because end time detected by thread: Users 1-745
2026-06-06 17:40:25,313 INFO o.a.j.t.JMeterThread: Thread finished: Users 1-745
2026-06-06 17:40:25,314 INFO o.a.j.t.JMeterThread: Stopping because end time detected by thread: Users 1-148
2026-06-06 17:40:25,314 INFO o.a.j.t.JMeterThread: Thread finished: Users 1-148
2026-06-06 17:40:25,315 INFO o.a.j.t.JMeterThread: Stopping because end time detected by thread: Users 1-154
2026-06-06 17:40:25,315 INFO o.a.j.t.JMeterThread: Thread finished: Users 1-154
2026-06-06 17:40:25,316 INFO o.a.j.t.JMeterThread: Stopping because end time detected by thread: Users 1-125
2026-06-06 17:40:25,316 INFO o.a.j.t.JMeterThread: Thread finished: Users 1-125
2026-06-06 17:40:25,317 INFO o.a.j.t.JMeterThread: Stopping because end time detected by thread: Users 1-884
2026-06-06 17:40:25,317 INFO o.a.j.t.JMeterThread: Thread finished: Users 1-884
2026-06-06 17:40:25,318 INFO o.a.j.t.JMeterThread: Stopping because end time detected by thread: Users 1-265
2026-06-06 17:40:25,318 INFO o.a.j.t.JMeterThread: Thread finished: Users 1-265
2026-06-06 17:40:25,319 INFO o.a.j.t.JMeterThread: Stopping because end time detected by thread: Users 1-633
2026-06-06 17:40:25,319 INFO o.a.j.t.JMeterThread: Thread finished: Users 1-633
2026-06-06 17:40:25,320 INFO o.a.j.t.JMeterThread: Stopping because end time detected by thread: Users 1-397
2026-06-06 17:40:25,320 INFO o.a.j.t.JMeterThread: Thread finished: Users 1-397
2026-06-06 17:40:25,321 INFO o.a.j.t.JMeterThread: Stopping because end time detected by thread: Users 1-658
2026-06-06 17:40:25,321 INFO o.a.j.t.JMeterThread: Thread finished: Users 1-658
2026-06-06 17:40:25,322 INFO o.a.j.t.JMeterThread: Stopping because end time detected by thread: Users 1-588
2026-06-06 17:40:25,322 INFO o.a.j.t.JMeterThread: Thread finished: Users 1-588
2026-06-06 17:40:25,323 INFO o.a.j.t.JMeterThread: Stopping because end time detected by thread: Users 1-364
2026-06-06 17:40:25,323 INFO o.a.j.t.JMeterThread: Thread finished: Users 1-364
2026-06-06 17:40:25,325 INFO o.a.j.t.JMeterThread: Stopping because end time detected by thread: Users 1-95
2026-06-06 17:40:25,325 INFO o.a.j.t.JMeterThread: Thread finished: Users 1-95
2026-06-06 17:40:25,326 INFO o.a.j.t.JMeterThread: Stopping because end time detected by thread: Users 1-449
2026-06-06 17:40:25,326 INFO o.a.j.t.JMeterThread: Thread finished: Users 1-449
2026-06-06 17:40:25,327 INFO o.a.j.t.JMeterThread: Stopping because end time detected by thread: Users 1-840
2026-06-06 17:40:25,327 INFO o.a.j.t.JMeterThread: Thread finished: Users 1-840
2026-06-06 17:40:25,328 INFO o.a.j.t.JMeterThread: Stopping because end time detected by thread: Users 1-885
2026-06-06 17:40:25,328 INFO o.a.j.t.JMeterThread: Thread finished: Users 1-885
2026-06-06 17:40:25,329 INFO o.a.j.t.JMeterThread: Stopping because end time detected by thread: Users 1-564
2026-06-06 17:40:25,329 INFO o.a.j.t.JMeterThread: Thread finished: Users 1-564
2026-06-06 17:40:25,330 INFO o.a.j.t.JMeterThread: Stopping because end time detected by thread: Users 1-960
2026-06-06 17:40:25,330 INFO o.a.j.t.JMeterThread: Thread finished: Users 1-960
2026-06-06 17:40:25,331 INFO o.a.j.t.JMeterThread: Stopping because end time detected by thread: Users 1-886
2026-06-06 17:40:25,331 INFO o.a.j.t.JMeterThread: Thread finished: Users 1-886
2026-06-06 17:40:25,332 INFO o.a.j.t.JMeterThread: Stopping because end time detected by thread: Users 1-709
2026-06-06 17:40:25,333 INFO o.a.j.t.JMeterThread: Thread finished: Users 1-709
2026-06-06 17:40:25,334 INFO o.a.j.t.JMeterThread: Stopping because end time detected by thread: Users 1-380
2026-06-06 17:40:25,334 INFO o.a.j.t.JMeterThread: Thread finished: Users 1-380
2026-06-06 17:40:25,335 INFO o.a.j.t.JMeterThread: Stopping because end time detected by thread: Users 1-504
2026-06-06 17:40:25,335 INFO o.a.j.t.JMeterThread: Thread finished: Users 1-504
2026-06-06 17:40:25,336 INFO o.a.j.t.JMeterThread: Stopping because end time detected by thread: Users 1-544
2026-06-06 17:40:25,336 INFO o.a.j.t.JMeterThread: Thread finished: Users 1-544
2026-06-06 17:40:25,337 INFO o.a.j.t.JMeterThread: Stopping because end time detected by thread: Users 1-336
2026-06-06 17:40:25,337 INFO o.a.j.t.JMeterThread: Thread finished: Users 1-336
2026-06-06 17:40:25,338 INFO o.a.j.t.JMeterThread: Stopping because end time detected by thread: Users 1-887
2026-06-06 17:40:25,338 INFO o.a.j.t.JMeterThread: Thread finished: Users 1-887
2026-06-06 17:40:25,339 INFO o.a.j.t.JMeterThread: Stopping because end time detected by thread: Users 1-611
2026-06-06 17:40:25,339 INFO o.a.j.t.JMeterThread: Thread finished: Users 1-611
2026-06-06 17:40:25,340 INFO o.a.j.t.JMeterThread: Stopping because end time detected by thread: Users 1-810
2026-06-06 17:40:25,340 INFO o.a.j.t.JMeterThread: Thread finished: Users 1-810
2026-06-06 17:40:25,341 INFO o.a.j.t.JMeterThread: Stopping because end time detected by thread: Users 1-466
2026-06-06 17:40:25,341 INFO o.a.j.t.JMeterThread: Thread finished: Users 1-466
2026-06-06 17:40:25,342 INFO o.a.j.t.JMeterThread: Stopping because end time detected by thread: Users 1-746
2026-06-06 17:40:25,342 INFO o.a.j.t.JMeterThread: Thread finished: Users 1-746
2026-06-06 17:40:25,343 INFO o.a.j.t.JMeterThread: Stopping because end time detected by thread: Users 1-683
2026-06-06 17:40:25,343 INFO o.a.j.t.JMeterThread: Thread finished: Users 1-683
2026-06-06 17:40:25,344 INFO o.a.j.t.JMeterThread: Stopping because end time detected by thread: Users 1-888
2026-06-06 17:40:25,344 INFO o.a.j.t.JMeterThread: Thread finished: Users 1-888
2026-06-06 17:40:25,345 INFO o.a.j.t.JMeterThread: Stopping because end time detected by thread: Users 1-227
2026-06-06 17:40:25,345 INFO o.a.j.t.JMeterThread: Thread finished: Users 1-227
2026-06-06 17:40:25,346 INFO o.a.j.t.JMeterThread: Stopping because end time detected by thread: Users 1-961
2026-06-06 17:40:25,346 INFO o.a.j.t.JMeterThread: Thread finished: Users 1-961
2026-06-06 17:40:25,347 INFO o.a.j.t.JMeterThread: Stopping because end time detected by thread: Users 1-311
2026-06-06 17:40:25,347 INFO o.a.j.t.JMeterThread: Thread finished: Users 1-311
2026-06-06 17:40:25,348 INFO o.a.j.t.JMeterThread: Stopping because end time detected by thread: Users 1-415
2026-06-06 17:40:25,348 INFO o.a.j.t.JMeterThread: Thread finished: Users 1-415
2026-06-06 17:40:25,349 INFO o.a.j.t.JMeterThread: Stopping because end time detected by thread: Users 1-236
2026-06-06 17:40:25,349 INFO o.a.j.t.JMeterThread: Thread finished: Users 1-236
2026-06-06 17:40:25,350 INFO o.a.j.t.JMeterThread: Stopping because end time detected by thread: Users 1-778
2026-06-06 17:40:25,350 INFO o.a.j.t.JMeterThread: Thread finished: Users 1-778
2026-06-06 17:40:25,351 INFO o.a.j.t.JMeterThread: Stopping because end time detected by thread: Users 1-432
2026-06-06 17:40:25,351 INFO o.a.j.t.JMeterThread: Thread finished: Users 1-432
2026-06-06 17:40:25,353 INFO o.a.j.t.JMeterThread: Stopping because end time detected by thread: Users 1-299
2026-06-06 17:40:25,353 INFO o.a.j.t.JMeterThread: Thread finished: Users 1-299
2026-06-06 17:40:25,354 INFO o.a.j.t.JMeterThread: Stopping because end time detected by thread: Users 1-889
2026-06-06 17:40:25,354 INFO o.a.j.t.JMeterThread: Thread finished: Users 1-889
2026-06-06 17:40:25,355 INFO o.a.j.t.JMeterThread: Stopping because end time detected by thread: Users 1-38
2026-06-06 17:40:25,355 INFO o.a.j.t.JMeterThread: Thread finished: Users 1-38
2026-06-06 17:40:25,356 INFO o.a.j.t.JMeterThread: Stopping because end time detected by thread: Users 1-66
2026-06-06 17:40:25,356 INFO o.a.j.t.JMeterThread: Thread finished: Users 1-66
2026-06-06 17:40:25,357 INFO o.a.j.t.JMeterThread: Stopping because end time detected by thread: Users 1-659
2026-06-06 17:40:25,357 INFO o.a.j.t.JMeterThread: Thread finished: Users 1-659
2026-06-06 17:40:25,358 INFO o.a.j.t.JMeterThread: Stopping because end time detected by thread: Users 1-9
2026-06-06 17:40:25,358 INFO o.a.j.t.JMeterThread: Thread finished: Users 1-9
2026-06-06 17:40:25,359 INFO o.a.j.t.JMeterThread: Stopping because end time detected by thread: Users 1-79
2026-06-06 17:40:25,359 INFO o.a.j.t.JMeterThread: Thread finished: Users 1-79
2026-06-06 17:40:25,360 INFO o.a.j.t.JMeterThread: Stopping because end time detected by thread: Users 1-67
2026-06-06 17:40:25,360 INFO o.a.j.t.JMeterThread: Thread finished: Users 1-67
2026-06-06 17:40:25,361 INFO o.a.j.t.JMeterThread: Stopping because end time detected by thread: Users 1-218
2026-06-06 17:40:25,361 INFO o.a.j.t.JMeterThread: Thread finished: Users 1-218
2026-06-06 17:40:25,362 INFO o.a.j.t.JMeterThread: Stopping because end time detected by thread: Users 1-119
2026-06-06 17:40:25,362 INFO o.a.j.t.JMeterThread: Thread finished: Users 1-119
2026-06-06 17:40:25,363 INFO o.a.j.t.JMeterThread: Stopping because end time detected by thread: Users 1-890
2026-06-06 17:40:25,363 INFO o.a.j.t.JMeterThread: Thread finished: Users 1-890
2026-06-06 17:40:25,364 INFO o.a.j.t.JMeterThread: Stopping because end time detected by thread: Users 1-841
2026-06-06 17:40:25,365 INFO o.a.j.t.JMeterThread: Thread finished: Users 1-841
2026-06-06 17:40:25,366 INFO o.a.j.t.JMeterThread: Stopping because end time detected by thread: Users 1-634
2026-06-06 17:40:25,366 INFO o.a.j.t.JMeterThread: Thread finished: Users 1-634
2026-06-06 17:40:25,367 INFO o.a.j.t.JMeterThread: Stopping because end time detected by thread: Users 1-76
2026-06-06 17:40:25,367 INFO o.a.j.t.JMeterThread: Thread finished: Users 1-76
2026-06-06 17:40:25,368 INFO o.a.j.t.JMeterThread: Stopping because end time detected by thread: Users 1-525
2026-06-06 17:40:25,368 INFO o.a.j.t.JMeterThread: Thread finished: Users 1-525
2026-06-06 17:40:25,369 INFO o.a.j.t.JMeterThread: Stopping because end time detected by thread: Users 1-287
2026-06-06 17:40:25,369 INFO o.a.j.t.JMeterThread: Thread finished: Users 1-287
2026-06-06 17:40:25,370 INFO o.a.j.t.JMeterThread: Stopping because end time detected by thread: Users 1-350
2026-06-06 17:40:25,370 INFO o.a.j.t.JMeterThread: Thread finished: Users 1-350
2026-06-06 17:40:25,371 INFO o.a.j.t.JMeterThread: Stopping because end time detected by thread: Users 1-710
2026-06-06 17:40:25,371 INFO o.a.j.t.JMeterThread: Thread finished: Users 1-710
2026-06-06 17:40:25,372 INFO o.a.j.t.JMeterThread: Stopping because end time detected by thread: Users 1-589
2026-06-06 17:40:25,372 INFO o.a.j.t.JMeterThread: Thread finished: Users 1-589
2026-06-06 17:40:25,373 INFO o.a.j.t.JMeterThread: Stopping because end time detected by thread: Users 1-450
2026-06-06 17:40:25,373 INFO o.a.j.t.JMeterThread: Thread finished: Users 1-450
2026-06-06 17:40:25,374 INFO o.a.j.t.JMeterThread: Stopping because end time detected by thread: Users 1-891
2026-06-06 17:40:25,374 INFO o.a.j.t.JMeterThread: Thread finished: Users 1-891
2026-06-06 17:40:25,375 INFO o.a.j.t.JMeterThread: Stopping because end time detected by thread: Users 1-962
2026-06-06 17:40:25,375 INFO o.a.j.t.JMeterThread: Thread finished: Users 1-962
2026-06-06 17:40:25,376 INFO o.a.j.t.JMeterThread: Stopping because end time detected by thread: Users 1-275
2026-06-06 17:40:25,376 INFO o.a.j.t.JMeterThread: Thread finished: Users 1-275
2026-06-06 17:40:25,377 INFO o.a.j.t.JMeterThread: Stopping because end time detected by thread: Users 1-811
2026-06-06 17:40:25,377 INFO o.a.j.t.JMeterThread: Thread finished: Users 1-811
2026-06-06 17:40:25,378 INFO o.a.j.t.JMeterThread: Stopping because end time detected by thread: Users 1-486
2026-06-06 17:40:25,378 INFO o.a.j.t.JMeterThread: Thread finished: Users 1-486
2026-06-06 17:40:25,379 INFO o.a.j.t.JMeterThread: Stopping because end time detected by thread: Users 1-505
2026-06-06 17:40:25,379 INFO o.a.j.t.JMeterThread: Thread finished: Users 1-505
2026-06-06 17:40:25,380 INFO o.a.j.t.JMeterThread: Stopping because end time detected by thread: Users 1-779
2026-06-06 17:40:25,380 INFO o.a.j.t.JMeterThread: Thread finished: Users 1-779
2026-06-06 17:40:25,381 INFO o.a.j.t.JMeterThread: Stopping because end time detected by thread: Users 1-747
2026-06-06 17:40:25,381 INFO o.a.j.t.JMeterThread: Thread finished: Users 1-747
2026-06-06 17:40:25,382 INFO o.a.j.t.JMeterThread: Stopping because end time detected by thread: Users 1-365
2026-06-06 17:40:25,382 INFO o.a.j.t.JMeterThread: Thread finished: Users 1-365
2026-06-06 17:40:25,383 INFO o.a.j.t.JMeterThread: Stopping because end time detected by thread: Users 1-892
2026-06-06 17:40:25,383 INFO o.a.j.t.JMeterThread: Thread finished: Users 1-892
2026-06-06 17:40:25,384 INFO o.a.j.t.JMeterThread: Stopping because end time detected by thread: Users 1-92
2026-06-06 17:40:25,384 INFO o.a.j.t.JMeterThread: Thread finished: Users 1-92
2026-06-06 17:40:25,385 INFO o.a.j.t.JMeterThread: Stopping because end time detected by thread: Users 1-545
2026-06-06 17:40:25,385 INFO o.a.j.t.JMeterThread: Thread finished: Users 1-545
2026-06-06 17:40:25,386 INFO o.a.j.t.JMeterThread: Stopping because end time detected by thread: Users 1-143
2026-06-06 17:40:25,386 INFO o.a.j.t.JMeterThread: Thread finished: Users 1-143
2026-06-06 17:40:25,387 INFO o.a.j.t.JMeterThread: Stopping because end time detected by thread: Users 1-684
2026-06-06 17:40:25,387 INFO o.a.j.t.JMeterThread: Thread finished: Users 1-684
2026-06-06 17:40:25,389 INFO o.a.j.t.JMeterThread: Stopping because end time detected by thread: Users 1-612
2026-06-06 17:40:25,389 INFO o.a.j.t.JMeterThread: Thread finished: Users 1-612
2026-06-06 17:40:25,390 INFO o.a.j.t.JMeterThread: Stopping because end time detected by thread: Users 1-31
2026-06-06 17:40:25,390 INFO o.a.j.t.JMeterThread: Thread finished: Users 1-31
2026-06-06 17:40:25,391 INFO o.a.j.t.JMeterThread: Stopping because end time detected by thread: Users 1-312
2026-06-06 17:40:25,391 INFO o.a.j.t.JMeterThread: Thread finished: Users 1-312
2026-06-06 17:40:25,392 INFO o.a.j.t.JMeterThread: Stopping because end time detected by thread: Users 1-324
2026-06-06 17:40:25,392 INFO o.a.j.t.JMeterThread: Thread finished: Users 1-324
2026-06-06 17:40:25,393 INFO o.a.j.t.JMeterThread: Stopping because end time detected by thread: Users 1-565
2026-06-06 17:40:25,393 INFO o.a.j.t.JMeterThread: Thread finished: Users 1-565
2026-06-06 17:40:25,394 INFO o.a.j.t.JMeterThread: Stopping because end time detected by thread: Users 1-893
2026-06-06 17:40:25,394 INFO o.a.j.t.JMeterThread: Thread finished: Users 1-893
2026-06-06 17:40:25,395 INFO o.a.j.t.JMeterThread: Stopping because end time detected by thread: Users 1-842
2026-06-06 17:40:25,395 INFO o.a.j.t.JMeterThread: Thread finished: Users 1-842
2026-06-06 17:40:25,396 INFO o.a.j.t.JMeterThread: Stopping because end time detected by thread: Users 1-398
2026-06-06 17:40:25,396 INFO o.a.j.t.JMeterThread: Thread finished: Users 1-398
2026-06-06 17:40:25,397 INFO o.a.j.t.JMeterThread: Stopping because end time detected by thread: Users 1-963
2026-06-06 17:40:25,397 INFO o.a.j.t.JMeterThread: Thread finished: Users 1-963
2026-06-06 17:40:25,398 INFO o.a.j.t.JMeterThread: Stopping because end time detected by thread: Users 1-162
2026-06-06 17:40:25,399 INFO o.a.j.t.JMeterThread: Thread finished: Users 1-162
2026-06-06 17:40:25,400 INFO o.a.j.t.JMeterThread: Stopping because end time detected by thread: Users 1-106
2026-06-06 17:40:25,400 INFO o.a.j.t.JMeterThread: Thread finished: Users 1-106
2026-06-06 17:40:25,401 INFO o.a.j.t.JMeterThread: Stopping because end time detected by thread: Users 1-660
2026-06-06 17:40:25,401 INFO o.a.j.t.JMeterThread: Thread finished: Users 1-660
2026-06-06 17:40:25,402 INFO o.a.j.t.JMeterThread: Stopping because end time detected by thread: Users 1-467
2026-06-06 17:40:25,402 INFO o.a.j.t.JMeterThread: Thread finished: Users 1-467
2026-06-06 17:40:25,403 INFO o.a.j.t.JMeterThread: Stopping because end time detected by thread: Users 1-894
2026-06-06 17:40:25,403 INFO o.a.j.t.JMeterThread: Thread finished: Users 1-894
2026-06-06 17:40:25,404 INFO o.a.j.t.JMeterThread: Stopping because end time detected by thread: Users 1-416
2026-06-06 17:40:25,404 INFO o.a.j.t.JMeterThread: Thread finished: Users 1-416
2026-06-06 17:40:25,405 INFO o.a.j.t.JMeterThread: Stopping because end time detected by thread: Users 1-780
2026-06-06 17:40:25,405 INFO o.a.j.t.JMeterThread: Thread finished: Users 1-780
2026-06-06 17:40:25,406 INFO o.a.j.t.JMeterThread: Stopping because end time detected by thread: Users 1-137
2026-06-06 17:40:25,406 INFO o.a.j.t.JMeterThread: Thread finished: Users 1-137
2026-06-06 17:40:25,407 INFO o.a.j.t.JMeterThread: Stopping because end time detected by thread: Users 1-35
2026-06-06 17:40:25,407 INFO o.a.j.t.JMeterThread: Thread finished: Users 1-35
2026-06-06 17:40:25,408 INFO o.a.j.t.JMeterThread: Stopping because end time detected by thread: Users 1-114
2026-06-06 17:40:25,408 INFO o.a.j.t.JMeterThread: Thread finished: Users 1-114
2026-06-06 17:40:25,409 INFO o.a.j.t.JMeterThread: Stopping because end time detected by thread: Users 1-194
2026-06-06 17:40:25,409 INFO o.a.j.t.JMeterThread: Thread finished: Users 1-194
2026-06-06 17:40:25,410 INFO o.a.j.t.JMeterThread: Stopping because end time detected by thread: Users 1-812
2026-06-06 17:40:25,410 INFO o.a.j.t.JMeterThread: Thread finished: Users 1-812
2026-06-06 17:40:25,411 INFO o.a.j.t.JMeterThread: Stopping because end time detected by thread: Users 1-381
2026-06-06 17:40:25,412 INFO o.a.j.t.JMeterThread: Thread finished: Users 1-381
2026-06-06 17:40:25,413 INFO o.a.j.t.JMeterThread: Stopping because end time detected by thread: Users 1-895
2026-06-06 17:40:25,413 INFO o.a.j.t.JMeterThread: Thread finished: Users 1-895
2026-06-06 17:40:25,414 INFO o.a.j.t.JMeterThread: Stopping because end time detected by thread: Users 1-711
2026-06-06 17:40:25,414 INFO o.a.j.t.JMeterThread: Thread finished: Users 1-711
2026-06-06 17:40:25,415 INFO o.a.j.t.JMeterThread: Stopping because end time detected by thread: Users 1-433
2026-06-06 17:40:25,415 INFO o.a.j.t.JMeterThread: Thread finished: Users 1-433
2026-06-06 17:40:25,416 INFO o.a.j.t.JMeterThread: Stopping because end time detected by thread: Users 1-247
2026-06-06 17:40:25,416 INFO o.a.j.t.JMeterThread: Thread finished: Users 1-247
2026-06-06 17:40:25,417 INFO o.a.j.t.JMeterThread: Stopping because end time detected by thread: Users 1-337
2026-06-06 17:40:25,417 INFO o.a.j.t.JMeterThread: Thread finished: Users 1-337
2026-06-06 17:40:25,418 INFO o.a.j.t.JMeterThread: Stopping because end time detected by thread: Users 1-635
2026-06-06 17:40:25,418 INFO o.a.j.t.JMeterThread: Thread finished: Users 1-635
2026-06-06 17:40:25,420 INFO o.a.j.t.JMeterThread: Stopping because end time detected by thread: Users 1-590
2026-06-06 17:40:25,420 INFO o.a.j.t.JMeterThread: Thread finished: Users 1-590
2026-06-06 17:40:25,421 INFO o.a.j.t.JMeterThread: Stopping because end time detected by thread: Users 1-748
2026-06-06 17:40:25,421 INFO o.a.j.t.JMeterThread: Thread finished: Users 1-748
2026-06-06 17:40:25,422 INFO o.a.j.t.JMeterThread: Stopping because end time detected by thread: Users 1-964
2026-06-06 17:40:25,422 INFO o.a.j.t.JMeterThread: Thread finished: Users 1-964
2026-06-06 17:40:25,423 INFO o.a.j.t.JMeterThread: Stopping because end time detected by thread: Users 1-179
2026-06-06 17:40:25,423 INFO o.a.j.t.JMeterThread: Thread finished: Users 1-179
2026-06-06 17:40:25,424 INFO o.a.j.t.JMeterThread: Stopping because end time detected by thread: Users 1-896
2026-06-06 17:40:25,424 INFO o.a.j.t.JMeterThread: Thread finished: Users 1-896
2026-06-06 17:40:25,425 INFO o.a.j.t.JMeterThread: Stopping because end time detected by thread: Users 1-685
2026-06-06 17:40:25,425 INFO o.a.j.t.JMeterThread: Thread finished: Users 1-685
2026-06-06 17:40:25,426 INFO o.a.j.t.JMeterThread: Stopping because end time detected by thread: Users 1-256
2026-06-06 17:40:25,426 INFO o.a.j.t.JMeterThread: Thread finished: Users 1-256
2026-06-06 17:40:25,427 INFO o.a.j.t.JMeterThread: Stopping because end time detected by thread: Users 1-843
2026-06-06 17:40:25,428 INFO o.a.j.t.JMeterThread: Thread finished: Users 1-843
2026-06-06 17:40:25,429 INFO o.a.j.t.JMeterThread: Stopping because end time detected by thread: Users 1-131
2026-06-06 17:40:25,429 INFO o.a.j.t.JMeterThread: Thread finished: Users 1-131
2026-06-06 17:40:25,430 INFO o.a.j.t.JMeterThread: Stopping because end time detected by thread: Users 1-613
2026-06-06 17:40:25,430 INFO o.a.j.t.JMeterThread: Thread finished: Users 1-613
2026-06-06 17:40:25,431 INFO o.a.j.t.JMeterThread: Stopping because end time detected by thread: Users 1-7
2026-06-06 17:40:25,431 INFO o.a.j.t.JMeterThread: Thread finished: Users 1-7
2026-06-06 17:40:25,432 INFO o.a.j.t.JMeterThread: Stopping because end time detected by thread: Users 1-288
2026-06-06 17:40:25,432 INFO o.a.j.t.JMeterThread: Thread finished: Users 1-288
2026-06-06 17:40:25,433 INFO o.a.j.t.JMeterThread: Stopping because end time detected by thread: Users 1-13
2026-06-06 17:40:25,433 INFO o.a.j.t.JMeterThread: Thread finished: Users 1-13
2026-06-06 17:40:25,434 INFO o.a.j.t.JMeterThread: Stopping because end time detected by thread: Users 1-300
2026-06-06 17:40:25,434 INFO o.a.j.t.JMeterThread: Thread finished: Users 1-300
2026-06-06 17:40:25,435 INFO o.a.j.t.JMeterThread: Stopping because end time detected by thread: Users 1-813
2026-06-06 17:40:25,435 INFO o.a.j.t.JMeterThread: Thread finished: Users 1-813
2026-06-06 17:40:25,436 INFO o.a.j.t.JMeterThread: Stopping because end time detected by thread: Users 1-526
2026-06-06 17:40:25,436 INFO o.a.j.t.JMeterThread: Thread finished: Users 1-526
2026-06-06 17:40:25,437 INFO o.a.j.t.JMeterThread: Stopping because end time detected by thread: Users 1-897
2026-06-06 17:40:25,437 INFO o.a.j.t.JMeterThread: Thread finished: Users 1-897
2026-06-06 17:40:25,439 INFO o.a.j.t.JMeterThread: Stopping because end time detected by thread: Users 1-781
2026-06-06 17:40:25,439 INFO o.a.j.t.JMeterThread: Thread finished: Users 1-781
2026-06-06 17:40:25,441 INFO o.a.j.t.JMeterThread: Stopping because end time detected by thread: Users 1-506
2026-06-06 17:40:25,441 INFO o.a.j.t.JMeterThread: Thread finished: Users 1-506
2026-06-06 17:40:25,442 INFO o.a.j.t.JMeterThread: Stopping because end time detected by thread: Users 1-173
2026-06-06 17:40:25,442 INFO o.a.j.t.JMeterThread: Thread finished: Users 1-173
2026-06-06 17:40:25,443 INFO o.a.j.t.JMeterThread: Stopping because end time detected by thread: Users 1-451
2026-06-06 17:40:25,443 INFO o.a.j.t.JMeterThread: Thread finished: Users 1-451
2026-06-06 17:40:25,444 INFO o.a.j.t.JMeterThread: Stopping because end time detected by thread: Users 1-121
2026-06-06 17:40:25,444 INFO o.a.j.t.JMeterThread: Thread finished: Users 1-121
2026-06-06 17:40:25,445 INFO o.a.j.t.JMeterThread: Stopping because end time detected by thread: Users 1-487
2026-06-06 17:40:25,445 INFO o.a.j.t.JMeterThread: Thread finished: Users 1-487
2026-06-06 17:40:25,446 INFO o.a.j.t.JMeterThread: Stopping because end time detected by thread: Users 1-965
2026-06-06 17:40:25,446 INFO o.a.j.t.JMeterThread: Thread finished: Users 1-965
2026-06-06 17:40:25,447 INFO o.a.j.t.JMeterThread: Stopping because end time detected by thread: Users 1-546
2026-06-06 17:40:25,447 INFO o.a.j.t.JMeterThread: Thread finished: Users 1-546
2026-06-06 17:40:25,448 INFO o.a.j.t.JMeterThread: Stopping because end time detected by thread: Users 1-566
2026-06-06 17:40:25,448 INFO o.a.j.t.JMeterThread: Thread finished: Users 1-566
2026-06-06 17:40:25,449 INFO o.a.j.t.JMeterThread: Stopping because end time detected by thread: Users 1-661
2026-06-06 17:40:25,449 INFO o.a.j.t.JMeterThread: Thread finished: Users 1-661
2026-06-06 17:40:25,450 INFO o.a.j.t.JMeterThread: Stopping because end time detected by thread: Users 1-237
2026-06-06 17:40:25,450 INFO o.a.j.t.JMeterThread: Thread finished: Users 1-237
2026-06-06 17:40:25,451 INFO o.a.j.t.JMeterThread: Stopping because end time detected by thread: Users 1-712
2026-06-06 17:40:25,451 INFO o.a.j.t.JMeterThread: Thread finished: Users 1-712
2026-06-06 17:40:25,453 INFO o.a.j.t.JMeterThread: Stopping because end time detected by thread: Users 1-366
2026-06-06 17:40:25,453 INFO o.a.j.t.JMeterThread: Thread finished: Users 1-366
2026-06-06 17:40:25,454 INFO o.a.j.t.JMeterThread: Stopping because end time detected by thread: Users 1-351
2026-06-06 17:40:25,454 INFO o.a.j.t.JMeterThread: Thread finished: Users 1-351
2026-06-06 17:40:25,455 INFO o.a.j.t.JMeterThread: Stopping because end time detected by thread: Users 1-898
2026-06-06 17:40:25,455 INFO o.a.j.t.JMeterThread: Thread finished: Users 1-898
2026-06-06 17:40:25,456 INFO o.a.j.t.JMeterThread: Stopping because end time detected by thread: Users 1-468
2026-06-06 17:40:25,456 INFO o.a.j.t.JMeterThread: Thread finished: Users 1-468
2026-06-06 17:40:25,457 INFO o.a.j.t.JMeterThread: Stopping because end time detected by thread: Users 1-161
2026-06-06 17:40:25,457 INFO o.a.j.t.JMeterThread: Thread finished: Users 1-161
2026-06-06 17:40:25,458 INFO o.a.j.t.JMeterThread: Stopping because end time detected by thread: Users 1-844
2026-06-06 17:40:25,458 INFO o.a.j.t.JMeterThread: Thread finished: Users 1-844
2026-06-06 17:40:25,459 INFO o.a.j.t.JMeterThread: Stopping because end time detected by thread: Users 1-749
2026-06-06 17:40:25,459 INFO o.a.j.t.JMeterThread: Thread finished: Users 1-749
2026-06-06 17:40:25,460 INFO o.a.j.t.JMeterThread: Stopping because end time detected by thread: Users 1-591
2026-06-06 17:40:25,460 INFO o.a.j.t.JMeterThread: Thread finished: Users 1-591
2026-06-06 17:40:25,461 INFO o.a.j.t.JMeterThread: Stopping because end time detected by thread: Users 1-399
2026-06-06 17:40:25,461 INFO o.a.j.t.JMeterThread: Thread finished: Users 1-399
2026-06-06 17:40:25,462 INFO o.a.j.t.JMeterThread: Stopping because end time detected by thread: Users 1-636
2026-06-06 17:40:25,462 INFO o.a.j.t.JMeterThread: Thread finished: Users 1-636
2026-06-06 17:40:25,463 INFO o.a.j.t.JMeterThread: Stopping because end time detected by thread: Users 1-313
2026-06-06 17:40:25,463 INFO o.a.j.t.JMeterThread: Thread finished: Users 1-313
2026-06-06 17:40:25,464 INFO o.a.j.t.JMeterThread: Stopping because end time detected by thread: Users 1-110
2026-06-06 17:40:25,464 INFO o.a.j.t.JMeterThread: Thread finished: Users 1-110
2026-06-06 17:40:25,465 INFO o.a.j.t.JMeterThread: Stopping because end time detected by thread: Users 1-186
2026-06-06 17:40:25,465 INFO o.a.j.t.JMeterThread: Thread finished: Users 1-186
2026-06-06 17:40:25,466 INFO o.a.j.t.JMeterThread: Stopping because end time detected by thread: Users 1-226
2026-06-06 17:40:25,466 INFO o.a.j.t.JMeterThread: Thread finished: Users 1-226
2026-06-06 17:40:25,467 INFO o.a.j.t.JMeterThread: Stopping because end time detected by thread: Users 1-266
2026-06-06 17:40:25,467 INFO o.a.j.t.JMeterThread: Thread finished: Users 1-266
2026-06-06 17:40:25,468 INFO o.a.j.t.JMeterThread: Stopping because end time detected by thread: Users 1-966
2026-06-06 17:40:25,468 INFO o.a.j.t.JMeterThread: Thread finished: Users 1-966
2026-06-06 17:40:25,472 INFO o.a.j.t.JMeterThread: Stopping because end time detected by thread: Users 1-814
2026-06-06 17:40:25,472 INFO o.a.j.t.JMeterThread: Thread finished: Users 1-814
2026-06-06 17:40:25,473 INFO o.a.j.t.JMeterThread: Stopping because end time detected by thread: Users 1-686
2026-06-06 17:40:25,473 INFO o.a.j.t.JMeterThread: Thread finished: Users 1-686
2026-06-06 17:40:25,474 INFO o.a.j.t.JMeterThread: Stopping because end time detected by thread: Users 1-417
2026-06-06 17:40:25,474 INFO o.a.j.t.JMeterThread: Thread finished: Users 1-417
2026-06-06 17:40:25,475 INFO o.a.j.t.JMeterThread: Stopping because end time detected by thread: Users 1-899
2026-06-06 17:40:25,475 INFO o.a.j.t.JMeterThread: Thread finished: Users 1-899
2026-06-06 17:40:25,476 INFO o.a.j.t.JMeterThread: Stopping because end time detected by thread: Users 1-61
2026-06-06 17:40:25,476 INFO o.a.j.t.JMeterThread: Thread finished: Users 1-61
2026-06-06 17:40:25,477 INFO o.a.j.t.JMeterThread: Stopping because end time detected by thread: Users 1-86
2026-06-06 17:40:25,477 INFO o.a.j.t.JMeterThread: Thread finished: Users 1-86
2026-06-06 17:40:25,478 INFO o.a.j.t.JMeterThread: Stopping because end time detected by thread: Users 1-782
2026-06-06 17:40:25,478 INFO o.a.j.t.JMeterThread: Thread finished: Users 1-782
2026-06-06 17:40:25,479 INFO o.a.j.t.JMeterThread: Stopping because end time detected by thread: Users 1-614
2026-06-06 17:40:25,479 INFO o.a.j.t.JMeterThread: Thread finished: Users 1-614
2026-06-06 17:40:25,481 INFO o.a.j.t.JMeterThread: Stopping because end time detected by thread: Users 1-99
2026-06-06 17:40:25,481 INFO o.a.j.t.JMeterThread: Thread finished: Users 1-99
2026-06-06 17:40:25,482 INFO o.a.j.t.JMeterThread: Stopping because end time detected by thread: Users 1-434
2026-06-06 17:40:25,482 INFO o.a.j.t.JMeterThread: Thread finished: Users 1-434
2026-06-06 17:40:25,483 INFO o.a.j.t.JMeterThread: Stopping because end time detected by thread: Users 1-567
2026-06-06 17:40:25,483 INFO o.a.j.t.JMeterThread: Thread finished: Users 1-567
2026-06-06 17:40:25,484 INFO o.a.j.t.JMeterThread: Stopping because end time detected by thread: Users 1-713
2026-06-06 17:40:25,484 INFO o.a.j.t.JMeterThread: Thread finished: Users 1-713
2026-06-06 17:40:25,485 INFO o.a.j.t.JMeterThread: Stopping because end time detected by thread: Users 1-276
2026-06-06 17:40:25,485 INFO o.a.j.t.JMeterThread: Thread finished: Users 1-276
2026-06-06 17:40:25,486 INFO o.a.j.t.JMeterThread: Stopping because end time detected by thread: Users 1-382
2026-06-06 17:40:25,486 INFO o.a.j.t.JMeterThread: Thread finished: Users 1-382
2026-06-06 17:40:25,487 INFO o.a.j.t.JMeterThread: Stopping because end time detected by thread: Users 1-228
2026-06-06 17:40:25,487 INFO o.a.j.t.JMeterThread: Thread finished: Users 1-228
2026-06-06 17:40:25,488 INFO o.a.j.t.JMeterThread: Stopping because end time detected by thread: Users 1-210
2026-06-06 17:40:25,488 INFO o.a.j.t.JMeterThread: Thread finished: Users 1-210
2026-06-06 17:40:25,489 INFO o.a.j.t.JMeterThread: Stopping because end time detected by thread: Users 1-845
2026-06-06 17:40:25,489 INFO o.a.j.t.JMeterThread: Thread finished: Users 1-845
2026-06-06 17:40:25,493 INFO o.a.j.t.JMeterThread: Stopping because end time detected by thread: Users 1-900
2026-06-06 17:40:25,493 INFO o.a.j.t.JMeterThread: Thread finished: Users 1-900
2026-06-06 17:40:25,494 INFO o.a.j.t.JMeterThread: Stopping because end time detected by thread: Users 1-967
2026-06-06 17:40:25,494 INFO o.a.j.t.JMeterThread: Thread finished: Users 1-967
2026-06-06 17:40:25,495 INFO o.a.j.t.JMeterThread: Stopping because end time detected by thread: Users 1-452
2026-06-06 17:40:25,495 INFO o.a.j.t.JMeterThread: Thread finished: Users 1-452
2026-06-06 17:40:25,496 INFO o.a.j.t.JMeterThread: Stopping because end time detected by thread: Users 1-662
2026-06-06 17:40:25,496 INFO o.a.j.t.JMeterThread: Thread finished: Users 1-662
2026-06-06 17:40:25,497 INFO o.a.j.t.JMeterThread: Stopping because end time detected by thread: Users 1-507
2026-06-06 17:40:25,497 INFO o.a.j.t.JMeterThread: Thread finished: Users 1-507
2026-06-06 17:40:25,498 INFO o.a.j.t.JMeterThread: Stopping because end time detected by thread: Users 1-547
2026-06-06 17:40:25,498 INFO o.a.j.t.JMeterThread: Thread finished: Users 1-547
2026-06-06 17:40:25,499 INFO o.a.j.t.JMeterThread: Stopping because end time detected by thread: Users 1-527
2026-06-06 17:40:25,499 INFO o.a.j.t.JMeterThread: Thread finished: Users 1-527
2026-06-06 17:40:25,500 INFO o.a.j.t.JMeterThread: Stopping because end time detected by thread: Users 1-714
2026-06-06 17:40:25,500 INFO o.a.j.t.JMeterThread: Thread finished: Users 1-714
2026-06-06 17:40:25,501 INFO o.a.j.t.JMeterThread: Stopping because end time detected by thread: Users 1-750
2026-06-06 17:40:25,501 INFO o.a.j.t.JMeterThread: Thread finished: Users 1-750
2026-06-06 17:40:25,502 INFO o.a.j.t.JMeterThread: Stopping because end time detected by thread: Users 1-325
2026-06-06 17:40:25,502 INFO o.a.j.t.JMeterThread: Thread finished: Users 1-325
2026-06-06 17:40:25,503 INFO o.a.j.t.JMeterThread: Stopping because end time detected by thread: Users 1-202
2026-06-06 17:40:25,504 INFO o.a.j.t.JMeterThread: Thread finished: Users 1-202
2026-06-06 17:40:25,505 INFO o.a.j.t.JMeterThread: Stopping because end time detected by thread: Users 1-89
2026-06-06 17:40:25,505 INFO o.a.j.t.JMeterThread: Thread finished: Users 1-89
2026-06-06 17:40:25,506 INFO o.a.j.t.JMeterThread: Stopping because end time detected by thread: Users 1-301
2026-06-06 17:40:25,506 INFO o.a.j.t.JMeterThread: Thread finished: Users 1-301
2026-06-06 17:40:25,507 INFO o.a.j.t.JMeterThread: Stopping because end time detected by thread: Users 1-149
2026-06-06 17:40:25,507 INFO o.a.j.t.JMeterThread: Thread finished: Users 1-149
2026-06-06 17:40:25,508 INFO o.a.j.t.JMeterThread: Stopping because end time detected by thread: Users 1-901
2026-06-06 17:40:25,508 INFO o.a.j.t.JMeterThread: Thread finished: Users 1-901
2026-06-06 17:40:25,509 INFO o.a.j.t.JMeterThread: Stopping because end time detected by thread: Users 1-783
2026-06-06 17:40:25,509 INFO o.a.j.t.JMeterThread: Thread finished: Users 1-783
2026-06-06 17:40:25,510 INFO o.a.j.t.JMeterThread: Stopping because end time detected by thread: Users 1-815
2026-06-06 17:40:25,510 INFO o.a.j.t.JMeterThread: Thread finished: Users 1-815
2026-06-06 17:40:25,511 INFO o.a.j.t.JMeterThread: Stopping because end time detected by thread: Users 1-126
2026-06-06 17:40:25,511 INFO o.a.j.t.JMeterThread: Thread finished: Users 1-126
2026-06-06 17:40:25,512 INFO o.a.j.t.JMeterThread: Stopping because end time detected by thread: Users 1-488
2026-06-06 17:40:25,512 INFO o.a.j.t.JMeterThread: Thread finished: Users 1-488
2026-06-06 17:40:25,513 INFO o.a.j.t.JMeterThread: Stopping because end time detected by thread: Users 1-289
2026-06-06 17:40:25,513 INFO o.a.j.t.JMeterThread: Thread finished: Users 1-289
2026-06-06 17:40:25,514 INFO o.a.j.t.JMeterThread: Stopping because end time detected by thread: Users 1-637
2026-06-06 17:40:25,514 INFO o.a.j.t.JMeterThread: Thread finished: Users 1-637
2026-06-06 17:40:25,515 INFO o.a.j.t.JMeterThread: Stopping because end time detected by thread: Users 1-592
2026-06-06 17:40:25,515 INFO o.a.j.t.JMeterThread: Thread finished: Users 1-592
2026-06-06 17:40:25,516 INFO o.a.j.t.JMeterThread: Stopping because end time detected by thread: Users 1-46
2026-06-06 17:40:25,516 INFO o.a.j.t.JMeterThread: Thread finished: Users 1-46
2026-06-06 17:40:25,517 INFO o.a.j.t.JMeterThread: Stopping because end time detected by thread: Users 1-469
2026-06-06 17:40:25,517 INFO o.a.j.t.JMeterThread: Thread finished: Users 1-469
2026-06-06 17:40:25,518 INFO o.a.j.t.JMeterThread: Stopping because end time detected by thread: Users 1-968
2026-06-06 17:40:25,518 INFO o.a.j.t.JMeterThread: Thread finished: Users 1-968
2026-06-06 17:40:25,519 INFO o.a.j.t.JMeterThread: Stopping because end time detected by thread: Users 1-12
2026-06-06 17:40:25,519 INFO o.a.j.t.JMeterThread: Thread finished: Users 1-12
2026-06-06 17:40:25,520 INFO o.a.j.t.JMeterThread: Stopping because end time detected by thread: Users 1-687
2026-06-06 17:40:25,520 INFO o.a.j.t.JMeterThread: Thread finished: Users 1-687
2026-06-06 17:40:25,521 INFO o.a.j.t.JMeterThread: Stopping because end time detected by thread: Users 1-338
2026-06-06 17:40:25,521 INFO o.a.j.t.JMeterThread: Thread finished: Users 1-338
2026-06-06 17:40:25,522 INFO o.a.j.t.JMeterThread: Stopping because end time detected by thread: Users 1-846
2026-06-06 17:40:25,522 INFO o.a.j.t.JMeterThread: Thread finished: Users 1-846
2026-06-06 17:40:25,523 INFO o.a.j.t.JMeterThread: Stopping because end time detected by thread: Users 1-902
2026-06-06 17:40:25,523 INFO o.a.j.t.JMeterThread: Thread finished: Users 1-902
2026-06-06 17:40:25,524 INFO o.a.j.t.JMeterThread: Stopping because end time detected by thread: Users 1-400
2026-06-06 17:40:25,524 INFO o.a.j.t.JMeterThread: Thread finished: Users 1-400
2026-06-06 17:40:25,526 INFO o.a.j.t.JMeterThread: Stopping because end time detected by thread: Users 1-615
2026-06-06 17:40:25,526 INFO o.a.j.t.JMeterThread: Thread finished: Users 1-615
2026-06-06 17:40:25,527 INFO o.a.j.t.JMeterThread: Stopping because end time detected by thread: Users 1-219
2026-06-06 17:40:25,527 INFO o.a.j.t.JMeterThread: Thread finished: Users 1-219
2026-06-06 17:40:25,529 INFO o.a.j.t.JMeterThread: Stopping because end time detected by thread: Users 1-10
2026-06-06 17:40:25,529 INFO o.a.j.t.JMeterThread: Thread finished: Users 1-10
2026-06-06 17:40:25,530 INFO o.a.j.t.JMeterThread: Stopping because end time detected by thread: Users 1-314
2026-06-06 17:40:25,530 INFO o.a.j.t.JMeterThread: Thread finished: Users 1-314
2026-06-06 17:40:25,531 INFO o.a.j.t.JMeterThread: Stopping because end time detected by thread: Users 1-715
2026-06-06 17:40:25,531 INFO o.a.j.t.JMeterThread: Thread finished: Users 1-715
2026-06-06 17:40:25,532 INFO o.a.j.t.JMeterThread: Stopping because end time detected by thread: Users 1-751
2026-06-06 17:40:25,532 INFO o.a.j.t.JMeterThread: Thread finished: Users 1-751
2026-06-06 17:40:25,533 INFO o.a.j.t.JMeterThread: Stopping because end time detected by thread: Users 1-903
2026-06-06 17:40:25,533 INFO o.a.j.t.JMeterThread: Thread finished: Users 1-903
2026-06-06 17:40:25,534 INFO o.a.j.t.JMeterThread: Stopping because end time detected by thread: Users 1-155
2026-06-06 17:40:25,534 INFO o.a.j.t.JMeterThread: Thread finished: Users 1-155
2026-06-06 17:40:25,535 INFO o.a.j.t.JMeterThread: Stopping because end time detected by thread: Users 1-238
2026-06-06 17:40:25,535 INFO o.a.j.t.JMeterThread: Thread finished: Users 1-238
2026-06-06 17:40:25,536 INFO o.a.j.t.JMeterThread: Stopping because end time detected by thread: Users 1-48
2026-06-06 17:40:25,536 INFO o.a.j.t.JMeterThread: Thread finished: Users 1-48
2026-06-06 17:40:25,537 INFO o.a.j.t.JMeterThread: Stopping because end time detected by thread: Users 1-435
2026-06-06 17:40:25,537 INFO o.a.j.t.JMeterThread: Thread finished: Users 1-435
2026-06-06 17:40:25,538 INFO o.a.j.t.JMeterThread: Stopping because end time detected by thread: Users 1-969
2026-06-06 17:40:25,538 INFO o.a.j.t.JMeterThread: Thread finished: Users 1-969
2026-06-06 17:40:25,539 INFO o.a.j.t.JMeterThread: Stopping because end time detected by thread: Users 1-904
2026-06-06 17:40:25,539 INFO o.a.j.t.JMeterThread: Thread finished: Users 1-904
2026-06-06 17:40:25,540 INFO o.a.j.t.JMeterThread: Stopping because end time detected by thread: Users 1-367
2026-06-06 17:40:25,540 INFO o.a.j.t.JMeterThread: Thread finished: Users 1-367
2026-06-06 17:40:25,541 INFO o.a.j.t.JMeterThread: Stopping because end time detected by thread: Users 1-663
2026-06-06 17:40:25,541 INFO o.a.j.t.JMeterThread: Thread finished: Users 1-663
2026-06-06 17:40:25,542 INFO o.a.j.t.JMeterThread: Stopping because end time detected by thread: Users 1-905
2026-06-06 17:40:25,542 INFO o.a.j.t.JMeterThread: Thread finished: Users 1-905
2026-06-06 17:40:25,543 INFO o.a.j.t.JMeterThread: Stopping because end time detected by thread: Users 1-16
2026-06-06 17:40:25,543 INFO o.a.j.t.JMeterThread: Thread finished: Users 1-16
2026-06-06 17:40:25,544 INFO o.a.j.t.JMeterThread: Stopping because end time detected by thread: Users 1-906
2026-06-06 17:40:25,545 INFO o.a.j.t.JMeterThread: Thread finished: Users 1-906
2026-06-06 17:40:25,546 INFO o.a.j.t.JMeterThread: Stopping because end time detected by thread: Users 1-907
2026-06-06 17:40:25,546 INFO o.a.j.t.JMeterThread: Thread finished: Users 1-907
2026-06-06 17:40:25,547 INFO o.a.j.t.JMeterThread: Stopping because end time detected by thread: Users 1-908
2026-06-06 17:40:25,547 INFO o.a.j.t.JMeterThread: Thread finished: Users 1-908
2026-06-06 17:40:25,548 INFO o.a.j.t.JMeterThread: Stopping because end time detected by thread: Users 1-418
2026-06-06 17:40:25,548 INFO o.a.j.t.JMeterThread: Thread finished: Users 1-418
2026-06-06 17:40:25,549 INFO o.a.j.t.JMeterThread: Stopping because end time detected by thread: Users 1-909
2026-06-06 17:40:25,549 INFO o.a.j.t.JMeterThread: Thread finished: Users 1-909
2026-06-06 17:40:25,549 INFO o.a.j.t.JMeterThread: Stopping because end time detected by thread: Users 1-910
2026-06-06 17:40:25,549 INFO o.a.j.t.JMeterThread: Thread finished: Users 1-910
2026-06-06 17:40:25,550 INFO o.a.j.t.JMeterThread: Stopping because end time detected by thread: Users 1-911
2026-06-06 17:40:25,550 INFO o.a.j.t.JMeterThread: Thread finished: Users 1-911
2026-06-06 17:40:25,551 INFO o.a.j.t.JMeterThread: Stopping because end time detected by thread: Users 1-912
2026-06-06 17:40:25,551 INFO o.a.j.t.JMeterThread: Thread finished: Users 1-912
2026-06-06 17:40:25,552 INFO o.a.j.t.JMeterThread: Stopping because end time detected by thread: Users 1-784
2026-06-06 17:40:25,552 INFO o.a.j.t.JMeterThread: Thread finished: Users 1-784
2026-06-06 17:40:25,553 INFO o.a.j.t.JMeterThread: Stopping because end time detected by thread: Users 1-913
2026-06-06 17:40:25,553 INFO o.a.j.t.JMeterThread: Thread finished: Users 1-913
2026-06-06 17:40:25,554 INFO o.a.j.t.JMeterThread: Stopping because end time detected by thread: Users 1-568
2026-06-06 17:40:25,554 INFO o.a.j.t.JMeterThread: Thread finished: Users 1-568
2026-06-06 17:40:25,555 INFO o.a.j.t.JMeterThread: Stopping because end time detected by thread: Users 1-383
2026-06-06 17:40:25,555 INFO o.a.j.t.JMeterThread: Thread finished: Users 1-383
2026-06-06 17:40:25,556 INFO o.a.j.t.JMeterThread: Stopping because end time detected by thread: Users 1-914
2026-06-06 17:40:25,556 INFO o.a.j.t.JMeterThread: Thread finished: Users 1-914
2026-06-06 17:40:25,557 INFO o.a.j.t.JMeterThread: Stopping because end time detected by thread: Users 1-352
2026-06-06 17:40:25,557 INFO o.a.j.t.JMeterThread: Thread finished: Users 1-352
2026-06-06 17:40:25,558 INFO o.a.j.t.JMeterThread: Stopping because end time detected by thread: Users 1-816
2026-06-06 17:40:25,558 INFO o.a.j.t.JMeterThread: Thread finished: Users 1-816
2026-06-06 17:40:25,559 INFO o.a.j.t.JMeterThread: Stopping because end time detected by thread: Users 1-915
2026-06-06 17:40:25,559 INFO o.a.j.t.JMeterThread: Thread finished: Users 1-915
2026-06-06 17:40:25,560 INFO o.a.j.t.JMeterThread: Stopping because end time detected by thread: Users 1-916
2026-06-06 17:40:25,560 INFO o.a.j.t.JMeterThread: Thread finished: Users 1-916
2026-06-06 17:40:25,561 INFO o.a.j.t.JMeterThread: Stopping because end time detected by thread: Users 1-970
2026-06-06 17:40:25,562 INFO o.a.j.t.JMeterThread: Thread finished: Users 1-970
2026-06-06 17:40:25,563 INFO o.a.j.t.JMeterThread: Stopping because end time detected by thread: Users 1-55
2026-06-06 17:40:25,563 INFO o.a.j.t.JMeterThread: Thread finished: Users 1-55
2026-06-06 17:40:25,564 INFO o.a.j.t.JMeterThread: Stopping because end time detected by thread: Users 1-257
2026-06-06 17:40:25,564 INFO o.a.j.t.JMeterThread: Thread finished: Users 1-257
2026-06-06 17:40:25,565 INFO o.a.j.t.JMeterThread: Stopping because end time detected by thread: Users 1-917
2026-06-06 17:40:25,565 INFO o.a.j.t.JMeterThread: Thread finished: Users 1-917
2026-06-06 17:40:25,566 INFO o.a.j.t.JMeterThread: Stopping because end time detected by thread: Users 1-37
2026-06-06 17:40:25,566 INFO o.a.j.t.JMeterThread: Thread finished: Users 1-37
2026-06-06 17:40:25,567 INFO o.a.j.t.JMeterThread: Stopping because end time detected by thread: Users 1-548
2026-06-06 17:40:25,567 INFO o.a.j.t.JMeterThread: Thread finished: Users 1-548
2026-06-06 17:40:25,569 INFO o.a.j.t.JMeterThread: Stopping because end time detected by thread: Users 1-508
2026-06-06 17:40:25,569 INFO o.a.j.t.JMeterThread: Thread finished: Users 1-508
2026-06-06 17:40:25,570 INFO o.a.j.t.JMeterThread: Stopping because end time detected by thread: Users 1-248
2026-06-06 17:40:25,570 INFO o.a.j.t.JMeterThread: Thread finished: Users 1-248
2026-06-06 17:40:25,571 INFO o.a.j.t.JMeterThread: Stopping because end time detected by thread: Users 1-24
2026-06-06 17:40:25,571 INFO o.a.j.t.JMeterThread: Thread finished: Users 1-24
2026-06-06 17:40:25,572 INFO o.a.j.t.JMeterThread: Stopping because end time detected by thread: Users 1-918
2026-06-06 17:40:25,572 INFO o.a.j.t.JMeterThread: Thread finished: Users 1-918
2026-06-06 17:40:25,573 INFO o.a.j.t.JMeterThread: Stopping because end time detected by thread: Users 1-716
2026-06-06 17:40:25,573 INFO o.a.j.t.JMeterThread: Thread finished: Users 1-716
2026-06-06 17:40:25,574 INFO o.a.j.t.JMeterThread: Stopping because end time detected by thread: Users 1-638
2026-06-06 17:40:25,574 INFO o.a.j.t.JMeterThread: Thread finished: Users 1-638
2026-06-06 17:40:25,575 INFO o.a.j.t.JMeterThread: Stopping because end time detected by thread: Users 1-290
2026-06-06 17:40:25,575 INFO o.a.j.t.JMeterThread: Thread finished: Users 1-290
2026-06-06 17:40:25,577 INFO o.a.j.t.JMeterThread: Stopping because end time detected by thread: Users 1-847
2026-06-06 17:40:25,577 INFO o.a.j.t.JMeterThread: Thread finished: Users 1-847
2026-06-06 17:40:25,578 INFO o.a.j.t.JMeterThread: Stopping because end time detected by thread: Users 1-138
2026-06-06 17:40:25,578 INFO o.a.j.t.JMeterThread: Thread finished: Users 1-138
2026-06-06 17:40:25,579 INFO o.a.j.t.JMeterThread: Stopping because end time detected by thread: Users 1-688
2026-06-06 17:40:25,579 INFO o.a.j.t.JMeterThread: Thread finished: Users 1-688
2026-06-06 17:40:25,580 INFO o.a.j.t.JMeterThread: Stopping because end time detected by thread: Users 1-489
2026-06-06 17:40:25,580 INFO o.a.j.t.JMeterThread: Thread finished: Users 1-489
2026-06-06 17:40:25,581 INFO o.a.j.t.JMeterThread: Stopping because end time detected by thread: Users 1-919
2026-06-06 17:40:25,581 INFO o.a.j.t.JMeterThread: Thread finished: Users 1-919
2026-06-06 17:40:25,582 INFO o.a.j.t.JMeterThread: Stopping because end time detected by thread: Users 1-593
2026-06-06 17:40:25,582 INFO o.a.j.t.JMeterThread: Thread finished: Users 1-593
2026-06-06 17:40:25,583 INFO o.a.j.t.JMeterThread: Stopping because end time detected by thread: Users 1-752
2026-06-06 17:40:25,583 INFO o.a.j.t.JMeterThread: Thread finished: Users 1-752
2026-06-06 17:40:25,584 INFO o.a.j.t.JMeterThread: Stopping because end time detected by thread: Users 1-453
2026-06-06 17:40:25,584 INFO o.a.j.t.JMeterThread: Thread finished: Users 1-453
2026-06-06 17:40:25,584 INFO o.a.j.t.JMeterThread: Stopping because end time detected by thread: Users 1-971
2026-06-06 17:40:25,585 INFO o.a.j.t.JMeterThread: Thread finished: Users 1-971
2026-06-06 17:40:25,586 INFO o.a.j.t.JMeterThread: Stopping because end time detected by thread: Users 1-528
2026-06-06 17:40:25,586 INFO o.a.j.t.JMeterThread: Thread finished: Users 1-528
2026-06-06 17:40:25,587 INFO o.a.j.t.JMeterThread: Stopping because end time detected by thread: Users 1-920
2026-06-06 17:40:25,587 INFO o.a.j.t.JMeterThread: Thread finished: Users 1-920
2026-06-06 17:40:25,588 INFO o.a.j.t.JMeterThread: Stopping because end time detected by thread: Users 1-302
2026-06-06 17:40:25,588 INFO o.a.j.t.JMeterThread: Thread finished: Users 1-302
2026-06-06 17:40:25,589 INFO o.a.j.t.JMeterThread: Stopping because end time detected by thread: Users 1-29
2026-06-06 17:40:25,589 INFO o.a.j.t.JMeterThread: Thread finished: Users 1-29
2026-06-06 17:40:25,590 INFO o.a.j.t.JMeterThread: Stopping because end time detected by thread: Users 1-616
2026-06-06 17:40:25,590 INFO o.a.j.t.JMeterThread: Thread finished: Users 1-616
2026-06-06 17:40:25,591 INFO o.a.j.t.JMeterThread: Stopping because end time detected by thread: Users 1-470
2026-06-06 17:40:25,591 INFO o.a.j.t.JMeterThread: Thread finished: Users 1-470
2026-06-06 17:40:25,592 INFO o.a.j.t.JMeterThread: Stopping because end time detected by thread: Users 1-195
2026-06-06 17:40:25,592 INFO o.a.j.t.JMeterThread: Thread finished: Users 1-195
2026-06-06 17:40:25,593 INFO o.a.j.t.JMeterThread: Stopping because end time detected by thread: Users 1-921
2026-06-06 17:40:25,593 INFO o.a.j.t.JMeterThread: Thread finished: Users 1-921
2026-06-06 17:40:25,594 INFO o.a.j.t.JMeterThread: Stopping because end time detected by thread: Users 1-785
2026-06-06 17:40:25,594 INFO o.a.j.t.JMeterThread: Thread finished: Users 1-785
2026-06-06 17:40:25,595 INFO o.a.j.t.JMeterThread: Stopping because end time detected by thread: Users 1-211
2026-06-06 17:40:25,595 INFO o.a.j.t.JMeterThread: Thread finished: Users 1-211
2026-06-06 17:40:25,596 INFO o.a.j.t.JMeterThread: Stopping because end time detected by thread: Users 1-326
2026-06-06 17:40:25,596 INFO o.a.j.t.JMeterThread: Thread finished: Users 1-326
2026-06-06 17:40:25,597 INFO o.a.j.t.JMeterThread: Stopping because end time detected by thread: Users 1-267
2026-06-06 17:40:25,597 INFO o.a.j.t.JMeterThread: Thread finished: Users 1-267
2026-06-06 17:40:25,598 INFO o.a.j.t.JMeterThread: Stopping because end time detected by thread: Users 1-401
2026-06-06 17:40:25,598 INFO o.a.j.t.JMeterThread: Thread finished: Users 1-401
2026-06-06 17:40:25,599 INFO o.a.j.t.JMeterThread: Stopping because end time detected by thread: Users 1-549
2026-06-06 17:40:25,599 INFO o.a.j.t.JMeterThread: Thread finished: Users 1-549
2026-06-06 17:40:25,600 INFO o.a.j.t.JMeterThread: Stopping because end time detected by thread: Users 1-922
2026-06-06 17:40:25,600 INFO o.a.j.t.JMeterThread: Thread finished: Users 1-922
2026-06-06 17:40:25,601 INFO o.a.j.t.JMeterThread: Stopping because end time detected by thread: Users 1-817
2026-06-06 17:40:25,601 INFO o.a.j.t.JMeterThread: Thread finished: Users 1-817
2026-06-06 17:40:25,602 INFO o.a.j.t.JMeterThread: Stopping because end time detected by thread: Users 1-187
2026-06-06 17:40:25,602 INFO o.a.j.t.JMeterThread: Thread finished: Users 1-187
2026-06-06 17:40:25,603 INFO o.a.j.t.JMeterThread: Stopping because end time detected by thread: Users 1-569
2026-06-06 17:40:25,603 INFO o.a.j.t.JMeterThread: Thread finished: Users 1-569
2026-06-06 17:40:25,604 INFO o.a.j.t.JMeterThread: Stopping because end time detected by thread: Users 1-664
2026-06-06 17:40:25,604 INFO o.a.j.t.JMeterThread: Thread finished: Users 1-664
2026-06-06 17:40:25,605 INFO o.a.j.t.JMeterThread: Stopping because end time detected by thread: Users 1-436
2026-06-06 17:40:25,605 INFO o.a.j.t.JMeterThread: Thread finished: Users 1-436
2026-06-06 17:40:25,606 INFO o.a.j.t.JMeterThread: Stopping because end time detected by thread: Users 1-972
2026-06-06 17:40:25,606 INFO o.a.j.t.JMeterThread: Thread finished: Users 1-972
2026-06-06 17:40:25,607 INFO o.a.j.t.JMeterThread: Stopping because end time detected by thread: Users 1-639
2026-06-06 17:40:25,607 INFO o.a.j.t.JMeterThread: Thread finished: Users 1-639
2026-06-06 17:40:25,608 INFO o.a.j.t.JMeterThread: Stopping because end time detected by thread: Users 1-923
2026-06-06 17:40:25,608 INFO o.a.j.t.JMeterThread: Thread finished: Users 1-923
2026-06-06 17:40:25,609 INFO o.a.j.t.JMeterThread: Stopping because end time detected by thread: Users 1-717
2026-06-06 17:40:25,609 INFO o.a.j.t.JMeterThread: Thread finished: Users 1-717
2026-06-06 17:40:25,610 INFO o.a.j.t.JMeterThread: Stopping because end time detected by thread: Users 1-70
2026-06-06 17:40:25,610 INFO o.a.j.t.JMeterThread: Thread finished: Users 1-70
2026-06-06 17:40:25,611 INFO o.a.j.t.JMeterThread: Stopping because end time detected by thread: Users 1-120
2026-06-06 17:40:25,611 INFO o.a.j.t.JMeterThread: Thread finished: Users 1-120
2026-06-06 17:40:25,612 INFO o.a.j.t.JMeterThread: Stopping because end time detected by thread: Users 1-848
2026-06-06 17:40:25,612 INFO o.a.j.t.JMeterThread: Thread finished: Users 1-848
2026-06-06 17:40:25,613 INFO o.a.j.t.JMeterThread: Stopping because end time detected by thread: Users 1-44
2026-06-06 17:40:25,613 INFO o.a.j.t.JMeterThread: Thread finished: Users 1-44
2026-06-06 17:40:25,614 INFO o.a.j.t.JMeterThread: Stopping because end time detected by thread: Users 1-144
2026-06-06 17:40:25,614 INFO o.a.j.t.JMeterThread: Thread finished: Users 1-144
2026-06-06 17:40:25,615 INFO o.a.j.t.JMeterThread: Stopping because end time detected by thread: Users 1-339
2026-06-06 17:40:25,615 INFO o.a.j.t.JMeterThread: Thread finished: Users 1-339
2026-06-06 17:40:25,616 INFO o.a.j.t.JMeterThread: Stopping because end time detected by thread: Users 1-277
2026-06-06 17:40:25,616 INFO o.a.j.t.JMeterThread: Thread finished: Users 1-277
2026-06-06 17:40:25,617 INFO o.a.j.t.JMeterThread: Stopping because end time detected by thread: Users 1-753
2026-06-06 17:40:25,617 INFO o.a.j.t.JMeterThread: Thread finished: Users 1-753
2026-06-06 17:40:25,618 INFO o.a.j.t.JMeterThread: Stopping because end time detected by thread: Users 1-180
2026-06-06 17:40:25,618 INFO o.a.j.t.JMeterThread: Thread finished: Users 1-180
2026-06-06 17:40:25,619 INFO o.a.j.t.JMeterThread: Stopping because end time detected by thread: Users 1-924
2026-06-06 17:40:25,619 INFO o.a.j.t.JMeterThread: Thread finished: Users 1-924
2026-06-06 17:40:25,620 INFO o.a.j.t.JMeterThread: Stopping because end time detected by thread: Users 1-132
2026-06-06 17:40:25,620 INFO o.a.j.t.JMeterThread: Thread finished: Users 1-132
2026-06-06 17:40:25,621 INFO o.a.j.t.JMeterThread: Stopping because end time detected by thread: Users 1-419
2026-06-06 17:40:25,621 INFO o.a.j.t.JMeterThread: Thread finished: Users 1-419
2026-06-06 17:40:25,622 INFO o.a.j.t.JMeterThread: Stopping because end time detected by thread: Users 1-689
2026-06-06 17:40:25,622 INFO o.a.j.t.JMeterThread: Thread finished: Users 1-689
2026-06-06 17:40:25,624 INFO o.a.j.t.JMeterThread: Stopping because end time detected by thread: Users 1-229
2026-06-06 17:40:25,624 INFO o.a.j.t.JMeterThread: Thread finished: Users 1-229
2026-06-06 17:40:25,625 INFO o.a.j.t.JMeterThread: Stopping because end time detected by thread: Users 1-594
2026-06-06 17:40:25,625 INFO o.a.j.t.JMeterThread: Thread finished: Users 1-594
2026-06-06 17:40:25,626 INFO o.a.j.t.JMeterThread: Stopping because end time detected by thread: Users 1-786
2026-06-06 17:40:25,626 INFO o.a.j.t.JMeterThread: Thread finished: Users 1-786
2026-06-06 17:40:25,628 INFO o.a.j.t.JMeterThread: Stopping because end time detected by thread: Users 1-384
2026-06-06 17:40:25,628 INFO o.a.j.t.JMeterThread: Thread finished: Users 1-384
2026-06-06 17:40:25,629 INFO o.a.j.t.JMeterThread: Stopping because end time detected by thread: Users 1-368
2026-06-06 17:40:25,629 INFO o.a.j.t.JMeterThread: Thread finished: Users 1-368
2026-06-06 17:40:25,630 INFO o.a.j.t.JMeterThread: Stopping because end time detected by thread: Users 1-509
2026-06-06 17:40:25,630 INFO o.a.j.t.JMeterThread: Thread finished: Users 1-509
2026-06-06 17:40:25,631 INFO o.a.j.t.JMeterThread: Stopping because end time detected by thread: Users 1-28
2026-06-06 17:40:25,631 INFO o.a.j.t.JMeterThread: Thread finished: Users 1-28
2026-06-06 17:40:25,632 INFO o.a.j.t.JMeterThread: Stopping because end time detected by thread: Users 1-239
2026-06-06 17:40:25,632 INFO o.a.j.t.JMeterThread: Thread finished: Users 1-239
2026-06-06 17:40:25,633 INFO o.a.j.t.JMeterThread: Stopping because end time detected by thread: Users 1-973
2026-06-06 17:40:25,633 INFO o.a.j.t.JMeterThread: Thread finished: Users 1-973
2026-06-06 17:40:25,634 INFO o.a.j.t.JMeterThread: Stopping because end time detected by thread: Users 1-529
2026-06-06 17:40:25,634 INFO o.a.j.t.JMeterThread: Thread finished: Users 1-529
2026-06-06 17:40:25,636 INFO o.a.j.t.JMeterThread: Stopping because end time detected by thread: Users 1-640
2026-06-06 17:40:25,636 INFO o.a.j.t.JMeterThread: Thread finished: Users 1-640
2026-06-06 17:40:25,637 INFO o.a.j.t.JMeterThread: Stopping because end time detected by thread: Users 1-315
2026-06-06 17:40:25,637 INFO o.a.j.t.JMeterThread: Thread finished: Users 1-315
2026-06-06 17:40:25,638 INFO o.a.j.t.JMeterThread: Stopping because end time detected by thread: Users 1-925
2026-06-06 17:40:25,638 INFO o.a.j.t.JMeterThread: Thread finished: Users 1-925
2026-06-06 17:40:25,639 INFO o.a.j.t.JMeterThread: Stopping because end time detected by thread: Users 1-490
2026-06-06 17:40:25,639 INFO o.a.j.t.JMeterThread: Thread finished: Users 1-490
2026-06-06 17:40:25,640 INFO o.a.j.t.JMeterThread: Stopping because end time detected by thread: Users 1-471
2026-06-06 17:40:25,640 INFO o.a.j.t.JMeterThread: Thread finished: Users 1-471
2026-06-06 17:40:25,641 INFO o.a.j.t.JMeterThread: Stopping because end time detected by thread: Users 1-550
2026-06-06 17:40:25,641 INFO o.a.j.t.JMeterThread: Thread finished: Users 1-550
2026-06-06 17:40:25,642 INFO o.a.j.t.JMeterThread: Stopping because end time detected by thread: Users 1-665
2026-06-06 17:40:25,642 INFO o.a.j.t.JMeterThread: Thread finished: Users 1-665
2026-06-06 17:40:25,643 INFO o.a.j.t.JMeterThread: Stopping because end time detected by thread: Users 1-353
2026-06-06 17:40:25,643 INFO o.a.j.t.JMeterThread: Thread finished: Users 1-353
2026-06-06 17:40:25,644 INFO o.a.j.t.JMeterThread: Stopping because end time detected by thread: Users 1-818
2026-06-06 17:40:25,644 INFO o.a.j.t.JMeterThread: Thread finished: Users 1-818
2026-06-06 17:40:25,645 INFO o.a.j.t.JMeterThread: Stopping because end time detected by thread: Users 1-617
2026-06-06 17:40:25,645 INFO o.a.j.t.JMeterThread: Thread finished: Users 1-617
2026-06-06 17:40:25,646 INFO o.a.j.t.JMeterThread: Stopping because end time detected by thread: Users 1-103
2026-06-06 17:40:25,646 INFO o.a.j.t.JMeterThread: Thread finished: Users 1-103
2026-06-06 17:40:25,648 INFO o.a.j.t.JMeterThread: Stopping because end time detected by thread: Users 1-68
2026-06-06 17:40:25,648 INFO o.a.j.t.JMeterThread: Thread finished: Users 1-68
2026-06-06 17:40:25,649 INFO o.a.j.t.JMeterThread: Stopping because end time detected by thread: Users 1-718
2026-06-06 17:40:25,649 INFO o.a.j.t.JMeterThread: Thread finished: Users 1-718
2026-06-06 17:40:25,650 INFO o.a.j.t.JMeterThread: Stopping because end time detected by thread: Users 1-849
2026-06-06 17:40:25,650 INFO o.a.j.t.JMeterThread: Thread finished: Users 1-849
2026-06-06 17:40:25,651 INFO o.a.j.t.JMeterThread: Stopping because end time detected by thread: Users 1-437
2026-06-06 17:40:25,651 INFO o.a.j.t.JMeterThread: Thread finished: Users 1-437
2026-06-06 17:40:25,652 INFO o.a.j.t.JMeterThread: Stopping because end time detected by thread: Users 1-454
2026-06-06 17:40:25,652 INFO o.a.j.t.JMeterThread: Thread finished: Users 1-454
2026-06-06 17:40:25,653 INFO o.a.j.t.JMeterThread: Stopping because end time detected by thread: Users 1-754
2026-06-06 17:40:25,653 INFO o.a.j.t.JMeterThread: Thread finished: Users 1-754
2026-06-06 17:40:25,654 INFO o.a.j.t.JMeterThread: Stopping because end time detected by thread: Users 1-220
2026-06-06 17:40:25,654 INFO o.a.j.t.JMeterThread: Thread finished: Users 1-220
2026-06-06 17:40:25,655 INFO o.a.j.t.JMeterThread: Stopping because end time detected by thread: Users 1-156
2026-06-06 17:40:25,655 INFO o.a.j.t.JMeterThread: Thread finished: Users 1-156
2026-06-06 17:40:25,656 INFO o.a.j.t.JMeterThread: Stopping because end time detected by thread: Users 1-203
2026-06-06 17:40:25,656 INFO o.a.j.t.JMeterThread: Thread finished: Users 1-203
2026-06-06 17:40:25,658 INFO o.a.j.t.JMeterThread: Stopping because end time detected by thread: Users 1-926
2026-06-06 17:40:25,658 INFO o.a.j.t.JMeterThread: Thread finished: Users 1-926
2026-06-06 17:40:25,659 INFO o.a.j.t.JMeterThread: Stopping because end time detected by thread: Users 1-974
2026-06-06 17:40:25,659 INFO o.a.j.t.JMeterThread: Thread finished: Users 1-974
2026-06-06 17:40:25,660 INFO o.a.j.t.JMeterThread: Stopping because end time detected by thread: Users 1-570
2026-06-06 17:40:25,660 INFO o.a.j.t.JMeterThread: Thread finished: Users 1-570
2026-06-06 17:40:25,661 INFO o.a.j.t.JMeterThread: Stopping because end time detected by thread: Users 1-83
2026-06-06 17:40:25,661 INFO o.a.j.t.JMeterThread: Thread finished: Users 1-83
2026-06-06 17:40:25,663 INFO o.a.j.t.JMeterThread: Stopping because end time detected by thread: Users 1-291
2026-06-06 17:40:25,663 INFO o.a.j.t.JMeterThread: Thread finished: Users 1-291
2026-06-06 17:40:25,664 INFO o.a.j.t.JMeterThread: Stopping because end time detected by thread: Users 1-96
2026-06-06 17:40:25,664 INFO o.a.j.t.JMeterThread: Thread finished: Users 1-96
2026-06-06 17:40:25,665 INFO o.a.j.t.JMeterThread: Stopping because end time detected by thread: Users 1-690
2026-06-06 17:40:25,665 INFO o.a.j.t.JMeterThread: Thread finished: Users 1-690
2026-06-06 17:40:25,666 INFO o.a.j.t.JMeterThread: Stopping because end time detected by thread: Users 1-174
2026-06-06 17:40:25,666 INFO o.a.j.t.JMeterThread: Thread finished: Users 1-174
2026-06-06 17:40:25,667 INFO o.a.j.t.JMeterThread: Stopping because end time detected by thread: Users 1-402
2026-06-06 17:40:25,667 INFO o.a.j.t.JMeterThread: Thread finished: Users 1-402
2026-06-06 17:40:25,668 INFO o.a.j.t.JMeterThread: Stopping because end time detected by thread: Users 1-787
2026-06-06 17:40:25,668 INFO o.a.j.t.JMeterThread: Thread finished: Users 1-787
2026-06-06 17:40:25,669 INFO o.a.j.t.JMeterThread: Stopping because end time detected by thread: Users 1-303
2026-06-06 17:40:25,669 INFO o.a.j.t.JMeterThread: Thread finished: Users 1-303
2026-06-06 17:40:25,670 INFO o.a.j.t.JMeterThread: Stopping because end time detected by thread: Users 1-168
2026-06-06 17:40:25,670 INFO o.a.j.t.JMeterThread: Thread finished: Users 1-168
2026-06-06 17:40:25,671 INFO o.a.j.t.JMeterThread: Stopping because end time detected by thread: Users 1-209
2026-06-06 17:40:25,671 INFO o.a.j.t.JMeterThread: Thread finished: Users 1-209
2026-06-06 17:40:25,673 INFO o.a.j.t.JMeterThread: Stopping because end time detected by thread: Users 1-327
2026-06-06 17:40:25,673 INFO o.a.j.t.JMeterThread: Thread finished: Users 1-327
2026-06-06 17:40:25,674 INFO o.a.j.t.JMeterThread: Stopping because end time detected by thread: Users 1-369
2026-06-06 17:40:25,674 INFO o.a.j.t.JMeterThread: Thread finished: Users 1-369
2026-06-06 17:40:25,675 INFO o.a.j.t.JMeterThread: Stopping because end time detected by thread: Users 1-595
2026-06-06 17:40:25,675 INFO o.a.j.t.JMeterThread: Thread finished: Users 1-595
2026-06-06 17:40:25,676 INFO o.a.j.t.JMeterThread: Stopping because end time detected by thread: Users 1-212
2026-06-06 17:40:25,676 INFO o.a.j.t.JMeterThread: Thread finished: Users 1-212
2026-06-06 17:40:25,677 INFO o.a.j.t.JMeterThread: Stopping because end time detected by thread: Users 1-927
2026-06-06 17:40:25,677 INFO o.a.j.t.JMeterThread: Thread finished: Users 1-927
2026-06-06 17:40:25,678 INFO o.a.j.t.JMeterThread: Stopping because end time detected by thread: Users 1-510
2026-06-06 17:40:25,678 INFO o.a.j.t.JMeterThread: Thread finished: Users 1-510
2026-06-06 17:40:25,680 INFO o.a.j.t.JMeterThread: Stopping because end time detected by thread: Users 1-641
2026-06-06 17:40:25,680 INFO o.a.j.t.JMeterThread: Thread finished: Users 1-641
2026-06-06 17:40:25,681 INFO o.a.j.t.JMeterThread: Stopping because end time detected by thread: Users 1-819
2026-06-06 17:40:25,681 INFO o.a.j.t.JMeterThread: Thread finished: Users 1-819
2026-06-06 17:40:25,682 INFO o.a.j.t.JMeterThread: Stopping because end time detected by thread: Users 1-850
2026-06-06 17:40:25,682 INFO o.a.j.t.JMeterThread: Thread finished: Users 1-850
2026-06-06 17:40:25,683 INFO o.a.j.t.JMeterThread: Stopping because end time detected by thread: Users 1-107
2026-06-06 17:40:25,683 INFO o.a.j.t.JMeterThread: Thread finished: Users 1-107
2026-06-06 17:40:25,684 INFO o.a.j.t.JMeterThread: Stopping because end time detected by thread: Users 1-58
2026-06-06 17:40:25,684 INFO o.a.j.t.JMeterThread: Thread finished: Users 1-58
2026-06-06 17:40:25,685 INFO o.a.j.t.JMeterThread: Stopping because end time detected by thread: Users 1-719
2026-06-06 17:40:25,685 INFO o.a.j.t.JMeterThread: Thread finished: Users 1-719
2026-06-06 17:40:25,686 INFO o.a.j.t.JMeterThread: Stopping because end time detected by thread: Users 1-975
2026-06-06 17:40:25,686 INFO o.a.j.t.JMeterThread: Thread finished: Users 1-975
2026-06-06 17:40:25,687 INFO o.a.j.t.JMeterThread: Stopping because end time detected by thread: Users 1-420
2026-06-06 17:40:25,687 INFO o.a.j.t.JMeterThread: Thread finished: Users 1-420
2026-06-06 17:40:25,688 INFO o.a.j.t.JMeterThread: Stopping because end time detected by thread: Users 1-472
2026-06-06 17:40:25,688 INFO o.a.j.t.JMeterThread: Thread finished: Users 1-472
2026-06-06 17:40:25,689 INFO o.a.j.t.JMeterThread: Stopping because end time detected by thread: Users 1-571
2026-06-06 17:40:25,689 INFO o.a.j.t.JMeterThread: Thread finished: Users 1-571
2026-06-06 17:40:25,690 INFO o.a.j.t.JMeterThread: Stopping because end time detected by thread: Users 1-618
2026-06-06 17:40:25,690 INFO o.a.j.t.JMeterThread: Thread finished: Users 1-618
2026-06-06 17:40:25,691 INFO o.a.j.t.JMeterThread: Stopping because end time detected by thread: Users 1-666
2026-06-06 17:40:25,691 INFO o.a.j.t.JMeterThread: Thread finished: Users 1-666
2026-06-06 17:40:25,693 INFO o.a.j.t.JMeterThread: Stopping because end time detected by thread: Users 1-438
2026-06-06 17:40:25,693 INFO o.a.j.t.JMeterThread: Thread finished: Users 1-438
2026-06-06 17:40:25,694 INFO o.a.j.t.JMeterThread: Stopping because end time detected by thread: Users 1-928
2026-06-06 17:40:25,694 INFO o.a.j.t.JMeterThread: Thread finished: Users 1-928
2026-06-06 17:40:25,695 INFO o.a.j.t.JMeterThread: Stopping because end time detected by thread: Users 1-755
2026-06-06 17:40:25,695 INFO o.a.j.t.JMeterThread: Thread finished: Users 1-755
2026-06-06 17:40:25,696 INFO o.a.j.t.JMeterThread: Stopping because end time detected by thread: Users 1-491
2026-06-06 17:40:25,696 INFO o.a.j.t.JMeterThread: Thread finished: Users 1-491
2026-06-06 17:40:25,697 INFO o.a.j.t.JMeterThread: Stopping because end time detected by thread: Users 1-929
2026-06-06 17:40:25,697 INFO o.a.j.t.JMeterThread: Thread finished: Users 1-929
2026-06-06 17:40:25,698 INFO o.a.j.t.JMeterThread: Stopping because end time detected by thread: Users 1-530
2026-06-06 17:40:25,698 INFO o.a.j.t.JMeterThread: Thread finished: Users 1-530
2026-06-06 17:40:25,699 INFO o.a.j.t.JMeterThread: Stopping because end time detected by thread: Users 1-258
2026-06-06 17:40:25,699 INFO o.a.j.t.JMeterThread: Thread finished: Users 1-258
2026-06-06 17:40:25,700 INFO o.a.j.t.JMeterThread: Stopping because end time detected by thread: Users 1-788
2026-06-06 17:40:25,700 INFO o.a.j.t.JMeterThread: Thread finished: Users 1-788
2026-06-06 17:40:25,701 INFO o.a.j.t.JMeterThread: Stopping because end time detected by thread: Users 1-551
2026-06-06 17:40:25,701 INFO o.a.j.t.JMeterThread: Thread finished: Users 1-551
2026-06-06 17:40:25,702 INFO o.a.j.t.JMeterThread: Stopping because end time detected by thread: Users 1-115
2026-06-06 17:40:25,702 INFO o.a.j.t.JMeterThread: Thread finished: Users 1-115
2026-06-06 17:40:25,703 INFO o.a.j.t.JMeterThread: Stopping because end time detected by thread: Users 1-196
2026-06-06 17:40:25,703 INFO o.a.j.t.JMeterThread: Thread finished: Users 1-196
2026-06-06 17:40:25,705 INFO o.a.j.t.JMeterThread: Stopping because end time detected by thread: Users 1-74
2026-06-06 17:40:25,705 INFO o.a.j.t.JMeterThread: Thread finished: Users 1-74
2026-06-06 17:40:25,706 INFO o.a.j.t.JMeterThread: Stopping because end time detected by thread: Users 1-340
2026-06-06 17:40:25,706 INFO o.a.j.t.JMeterThread: Thread finished: Users 1-340
2026-06-06 17:40:25,707 INFO o.a.j.t.JMeterThread: Stopping because end time detected by thread: Users 1-691
2026-06-06 17:40:25,707 INFO o.a.j.t.JMeterThread: Thread finished: Users 1-691
2026-06-06 17:40:25,708 INFO o.a.j.t.JMeterThread: Stopping because end time detected by thread: Users 1-278
2026-06-06 17:40:25,708 INFO o.a.j.t.JMeterThread: Thread finished: Users 1-278
2026-06-06 17:40:25,709 INFO o.a.j.t.JMeterThread: Stopping because end time detected by thread: Users 1-455
2026-06-06 17:40:25,709 INFO o.a.j.t.JMeterThread: Thread finished: Users 1-455
2026-06-06 17:40:25,711 INFO o.a.j.t.JMeterThread: Stopping because end time detected by thread: Users 1-127
2026-06-06 17:40:25,711 INFO o.a.j.t.JMeterThread: Thread finished: Users 1-127
2026-06-06 17:40:25,712 INFO o.a.j.t.JMeterThread: Stopping because end time detected by thread: Users 1-249
2026-06-06 17:40:25,712 INFO o.a.j.t.JMeterThread: Thread finished: Users 1-249
2026-06-06 17:40:25,713 INFO o.a.j.t.JMeterThread: Stopping because end time detected by thread: Users 1-976
2026-06-06 17:40:25,713 INFO o.a.j.t.JMeterThread: Thread finished: Users 1-976
2026-06-06 17:40:25,714 INFO o.a.j.t.JMeterThread: Stopping because end time detected by thread: Users 1-385
2026-06-06 17:40:25,714 INFO o.a.j.t.JMeterThread: Thread finished: Users 1-385
2026-06-06 17:40:25,715 INFO o.a.j.t.JMeterThread: Stopping because end time detected by thread: Users 1-720
2026-06-06 17:40:25,715 INFO o.a.j.t.JMeterThread: Thread finished: Users 1-720
2026-06-06 17:40:25,716 INFO o.a.j.t.JMeterThread: Stopping because end time detected by thread: Users 1-930
2026-06-06 17:40:25,716 INFO o.a.j.t.JMeterThread: Thread finished: Users 1-930
2026-06-06 17:40:25,718 INFO o.a.j.t.JMeterThread: Stopping because end time detected by thread: Users 1-34
2026-06-06 17:40:25,718 INFO o.a.j.t.JMeterThread: Thread finished: Users 1-34
2026-06-06 17:40:25,719 INFO o.a.j.t.JMeterThread: Stopping because end time detected by thread: Users 1-851
2026-06-06 17:40:25,719 INFO o.a.j.t.JMeterThread: Thread finished: Users 1-851
2026-06-06 17:40:25,720 INFO o.a.j.t.JMeterThread: Stopping because end time detected by thread: Users 1-820
2026-06-06 17:40:25,720 INFO o.a.j.t.JMeterThread: Thread finished: Users 1-820
2026-06-06 17:40:25,721 INFO o.a.j.t.JMeterThread: Stopping because end time detected by thread: Users 1-572
2026-06-06 17:40:25,721 INFO o.a.j.t.JMeterThread: Thread finished: Users 1-572
2026-06-06 17:40:25,722 INFO o.a.j.t.JMeterThread: Stopping because end time detected by thread: Users 1-596
2026-06-06 17:40:25,722 INFO o.a.j.t.JMeterThread: Thread finished: Users 1-596
2026-06-06 17:40:25,723 INFO o.a.j.t.JMeterThread: Stopping because end time detected by thread: Users 1-642
2026-06-06 17:40:25,723 INFO o.a.j.t.JMeterThread: Thread finished: Users 1-642
2026-06-06 17:40:25,725 INFO o.a.j.t.JMeterThread: Stopping because end time detected by thread: Users 1-41
2026-06-06 17:40:25,725 INFO o.a.j.t.JMeterThread: Thread finished: Users 1-41
2026-06-06 17:40:25,726 INFO o.a.j.t.JMeterThread: Stopping because end time detected by thread: Users 1-756
2026-06-06 17:40:25,726 INFO o.a.j.t.JMeterThread: Thread finished: Users 1-756
2026-06-06 17:40:25,727 INFO o.a.j.t.JMeterThread: Stopping because end time detected by thread: Users 1-370
2026-06-06 17:40:25,727 INFO o.a.j.t.JMeterThread: Thread finished: Users 1-370
2026-06-06 17:40:25,728 INFO o.a.j.t.JMeterThread: Stopping because end time detected by thread: Users 1-268
2026-06-06 17:40:25,728 INFO o.a.j.t.JMeterThread: Thread finished: Users 1-268
2026-06-06 17:40:25,729 INFO o.a.j.t.JMeterThread: Stopping because end time detected by thread: Users 1-221
2026-06-06 17:40:25,729 INFO o.a.j.t.JMeterThread: Thread finished: Users 1-221
2026-06-06 17:40:25,730 INFO o.a.j.t.JMeterThread: Stopping because end time detected by thread: Users 1-354
2026-06-06 17:40:25,730 INFO o.a.j.t.JMeterThread: Thread finished: Users 1-354
2026-06-06 17:40:25,731 INFO o.a.j.t.JMeterThread: Stopping because end time detected by thread: Users 1-316
2026-06-06 17:40:25,731 INFO o.a.j.t.JMeterThread: Thread finished: Users 1-316
2026-06-06 17:40:25,732 INFO o.a.j.t.JMeterThread: Stopping because end time detected by thread: Users 1-852
2026-06-06 17:40:25,732 INFO o.a.j.t.JMeterThread: Thread finished: Users 1-852
2026-06-06 17:40:25,733 INFO o.a.j.t.JMeterThread: Stopping because end time detected by thread: Users 1-403
2026-06-06 17:40:25,733 INFO o.a.j.t.JMeterThread: Thread finished: Users 1-403
2026-06-06 17:40:25,734 INFO o.a.j.t.JMeterThread: Stopping because end time detected by thread: Users 1-931
2026-06-06 17:40:25,734 INFO o.a.j.t.JMeterThread: Thread finished: Users 1-931
2026-06-06 17:40:25,735 INFO o.a.j.t.JMeterThread: Stopping because end time detected by thread: Users 1-977
2026-06-06 17:40:25,735 INFO o.a.j.t.JMeterThread: Thread finished: Users 1-977
2026-06-06 17:40:25,736 INFO o.a.j.t.JMeterThread: Stopping because end time detected by thread: Users 1-789
2026-06-06 17:40:25,736 INFO o.a.j.t.JMeterThread: Thread finished: Users 1-789
2026-06-06 17:40:25,738 INFO o.a.j.t.JMeterThread: Stopping because end time detected by thread: Users 1-150
2026-06-06 17:40:25,738 INFO o.a.j.t.JMeterThread: Thread finished: Users 1-150
2026-06-06 17:40:25,739 INFO o.a.j.t.JMeterThread: Stopping because end time detected by thread: Users 1-51
2026-06-06 17:40:25,739 INFO o.a.j.t.JMeterThread: Thread finished: Users 1-51
2026-06-06 17:40:25,740 INFO o.a.j.t.JMeterThread: Stopping because end time detected by thread: Users 1-721
2026-06-06 17:40:25,740 INFO o.a.j.t.JMeterThread: Thread finished: Users 1-721
2026-06-06 17:40:25,741 INFO o.a.j.t.JMeterThread: Stopping because end time detected by thread: Users 1-473
2026-06-06 17:40:25,741 INFO o.a.j.t.JMeterThread: Thread finished: Users 1-473
2026-06-06 17:40:25,742 INFO o.a.j.t.JMeterThread: Stopping because end time detected by thread: Users 1-619
2026-06-06 17:40:25,742 INFO o.a.j.t.JMeterThread: Thread finished: Users 1-619
2026-06-06 17:40:25,743 INFO o.a.j.t.JMeterThread: Stopping because end time detected by thread: Users 1-667
2026-06-06 17:40:25,743 INFO o.a.j.t.JMeterThread: Thread finished: Users 1-667
2026-06-06 17:40:25,744 INFO o.a.j.t.JMeterThread: Stopping because end time detected by thread: Users 1-304
2026-06-06 17:40:25,744 INFO o.a.j.t.JMeterThread: Thread finished: Users 1-304
2026-06-06 17:40:25,745 INFO o.a.j.t.JMeterThread: Stopping because end time detected by thread: Users 1-853
2026-06-06 17:40:25,745 INFO o.a.j.t.JMeterThread: Thread finished: Users 1-853
2026-06-06 17:40:25,747 INFO o.a.j.t.JMeterThread: Stopping because end time detected by thread: Users 1-511
2026-06-06 17:40:25,747 INFO o.a.j.t.JMeterThread: Thread finished: Users 1-511
2026-06-06 17:40:25,748 INFO o.a.j.t.JMeterThread: Stopping because end time detected by thread: Users 1-692
2026-06-06 17:40:25,748 INFO o.a.j.t.JMeterThread: Thread finished: Users 1-692
2026-06-06 17:40:25,749 INFO o.a.j.t.JMeterThread: Stopping because end time detected by thread: Users 1-93
2026-06-06 17:40:25,749 INFO o.a.j.t.JMeterThread: Thread finished: Users 1-93
2026-06-06 17:40:25,750 INFO o.a.j.t.JMeterThread: Stopping because end time detected by thread: Users 1-111
2026-06-06 17:40:25,750 INFO o.a.j.t.JMeterThread: Thread finished: Users 1-111
2026-06-06 17:40:25,751 INFO o.a.j.t.JMeterThread: Stopping because end time detected by thread: Users 1-139
2026-06-06 17:40:25,751 INFO o.a.j.t.JMeterThread: Thread finished: Users 1-139
2026-06-06 17:40:25,752 INFO o.a.j.t.JMeterThread: Stopping because end time detected by thread: Users 1-240
2026-06-06 17:40:25,752 INFO o.a.j.t.JMeterThread: Thread finished: Users 1-240
2026-06-06 17:40:25,753 INFO o.a.j.t.JMeterThread: Stopping because end time detected by thread: Users 1-4
2026-06-06 17:40:25,753 INFO o.a.j.t.JMeterThread: Thread finished: Users 1-4
2026-06-06 17:40:25,754 INFO o.a.j.t.JMeterThread: Stopping because end time detected by thread: Users 1-492
2026-06-06 17:40:25,754 INFO o.a.j.t.JMeterThread: Thread finished: Users 1-492
2026-06-06 17:40:25,755 INFO o.a.j.t.JMeterThread: Stopping because end time detected by thread: Users 1-932
2026-06-06 17:40:25,755 INFO o.a.j.t.JMeterThread: Thread finished: Users 1-932
2026-06-06 17:40:25,756 INFO o.a.j.t.JMeterThread: Stopping because end time detected by thread: Users 1-77
2026-06-06 17:40:25,756 INFO o.a.j.t.JMeterThread: Thread finished: Users 1-77
2026-06-06 17:40:25,757 INFO o.a.j.t.JMeterThread: Stopping because end time detected by thread: Users 1-552
2026-06-06 17:40:25,757 INFO o.a.j.t.JMeterThread: Thread finished: Users 1-552
2026-06-06 17:40:25,759 INFO o.a.j.t.JMeterThread: Stopping because end time detected by thread: Users 1-854
2026-06-06 17:40:25,759 INFO o.a.j.t.JMeterThread: Thread finished: Users 1-854
2026-06-06 17:40:25,760 INFO o.a.j.t.JMeterThread: Stopping because end time detected by thread: Users 1-821
2026-06-06 17:40:25,760 INFO o.a.j.t.JMeterThread: Thread finished: Users 1-821
2026-06-06 17:40:25,761 INFO o.a.j.t.JMeterThread: Stopping because end time detected by thread: Users 1-531
2026-06-06 17:40:25,761 INFO o.a.j.t.JMeterThread: Thread finished: Users 1-531
2026-06-06 17:40:25,762 INFO o.a.j.t.JMeterThread: Stopping because end time detected by thread: Users 1-421
2026-06-06 17:40:25,762 INFO o.a.j.t.JMeterThread: Thread finished: Users 1-421
2026-06-06 17:40:25,763 INFO o.a.j.t.JMeterThread: Stopping because end time detected by thread: Users 1-64
2026-06-06 17:40:25,763 INFO o.a.j.t.JMeterThread: Thread finished: Users 1-64
2026-06-06 17:40:25,764 INFO o.a.j.t.JMeterThread: Stopping because end time detected by thread: Users 1-978
2026-06-06 17:40:25,764 INFO o.a.j.t.JMeterThread: Thread finished: Users 1-978
2026-06-06 17:40:25,765 INFO o.a.j.t.JMeterThread: Stopping because end time detected by thread: Users 1-573
2026-06-06 17:40:25,765 INFO o.a.j.t.JMeterThread: Thread finished: Users 1-573
2026-06-06 17:40:25,766 INFO o.a.j.t.JMeterThread: Stopping because end time detected by thread: Users 1-757
2026-06-06 17:40:25,766 INFO o.a.j.t.JMeterThread: Thread finished: Users 1-757
2026-06-06 17:40:25,767 INFO o.a.j.t.JMeterThread: Stopping because end time detected by thread: Users 1-439
2026-06-06 17:40:25,767 INFO o.a.j.t.JMeterThread: Thread finished: Users 1-439
2026-06-06 17:40:25,768 INFO o.a.j.t.JMeterThread: Stopping because end time detected by thread: Users 1-386
2026-06-06 17:40:25,768 INFO o.a.j.t.JMeterThread: Thread finished: Users 1-386
2026-06-06 17:40:25,769 INFO o.a.j.t.JMeterThread: Stopping because end time detected by thread: Users 1-328
2026-06-06 17:40:25,769 INFO o.a.j.t.JMeterThread: Thread finished: Users 1-328
2026-06-06 17:40:25,770 INFO o.a.j.t.JMeterThread: Stopping because end time detected by thread: Users 1-722
2026-06-06 17:40:25,770 INFO o.a.j.t.JMeterThread: Thread finished: Users 1-722
2026-06-06 17:40:25,771 INFO o.a.j.t.JMeterThread: Stopping because end time detected by thread: Users 1-933
2026-06-06 17:40:25,771 INFO o.a.j.t.JMeterThread: Thread finished: Users 1-933
2026-06-06 17:40:25,773 INFO o.a.j.t.JMeterThread: Stopping because end time detected by thread: Users 1-597
2026-06-06 17:40:25,773 INFO o.a.j.t.JMeterThread: Thread finished: Users 1-597
2026-06-06 17:40:25,774 INFO o.a.j.t.JMeterThread: Stopping because end time detected by thread: Users 1-456
2026-06-06 17:40:25,774 INFO o.a.j.t.JMeterThread: Thread finished: Users 1-456
2026-06-06 17:40:25,775 INFO o.a.j.t.JMeterThread: Stopping because end time detected by thread: Users 1-790
2026-06-06 17:40:25,775 INFO o.a.j.t.JMeterThread: Thread finished: Users 1-790
2026-06-06 17:40:25,776 INFO o.a.j.t.JMeterThread: Stopping because end time detected by thread: Users 1-371
2026-06-06 17:40:25,776 INFO o.a.j.t.JMeterThread: Thread finished: Users 1-371
2026-06-06 17:40:25,777 INFO o.a.j.t.JMeterThread: Stopping because end time detected by thread: Users 1-643
2026-06-06 17:40:25,777 INFO o.a.j.t.JMeterThread: Thread finished: Users 1-643
2026-06-06 17:40:25,778 INFO o.a.j.t.JMeterThread: Stopping because end time detected by thread: Users 1-188
2026-06-06 17:40:25,778 INFO o.a.j.t.JMeterThread: Thread finished: Users 1-188
2026-06-06 17:40:25,779 INFO o.a.j.t.JMeterThread: Stopping because end time detected by thread: Users 1-230
2026-06-06 17:40:25,779 INFO o.a.j.t.JMeterThread: Thread finished: Users 1-230
2026-06-06 17:40:25,780 INFO o.a.j.t.JMeterThread: Stopping because end time detected by thread: Users 1-855
2026-06-06 17:40:25,780 INFO o.a.j.t.JMeterThread: Thread finished: Users 1-855
2026-06-06 17:40:25,781 INFO o.a.j.t.JMeterThread: Stopping because end time detected by thread: Users 1-668
2026-06-06 17:40:25,781 INFO o.a.j.t.JMeterThread: Thread finished: Users 1-668
2026-06-06 17:40:25,782 INFO o.a.j.t.JMeterThread: Stopping because end time detected by thread: Users 1-693
2026-06-06 17:40:25,782 INFO o.a.j.t.JMeterThread: Thread finished: Users 1-693
2026-06-06 17:40:25,783 INFO o.a.j.t.JMeterThread: Stopping because end time detected by thread: Users 1-292
2026-06-06 17:40:25,783 INFO o.a.j.t.JMeterThread: Thread finished: Users 1-292
2026-06-06 17:40:25,784 INFO o.a.j.t.JMeterThread: Stopping because end time detected by thread: Users 1-279
2026-06-06 17:40:25,784 INFO o.a.j.t.JMeterThread: Thread finished: Users 1-279
2026-06-06 17:40:25,785 INFO o.a.j.t.JMeterThread: Stopping because end time detected by thread: Users 1-404
2026-06-06 17:40:25,785 INFO o.a.j.t.JMeterThread: Thread finished: Users 1-404
2026-06-06 17:40:25,786 INFO o.a.j.t.JMeterThread: Stopping because end time detected by thread: Users 1-80
2026-06-06 17:40:25,786 INFO o.a.j.t.JMeterThread: Thread finished: Users 1-80
2026-06-06 17:40:25,787 INFO o.a.j.t.JMeterThread: Stopping because end time detected by thread: Users 1-157
2026-06-06 17:40:25,787 INFO o.a.j.t.JMeterThread: Thread finished: Users 1-157
2026-06-06 17:40:25,788 INFO o.a.j.t.JMeterThread: Stopping because end time detected by thread: Users 1-512
2026-06-06 17:40:25,788 INFO o.a.j.t.JMeterThread: Thread finished: Users 1-512
2026-06-06 17:40:25,790 INFO o.a.j.t.JMeterThread: Stopping because end time detected by thread: Users 1-934
2026-06-06 17:40:25,790 INFO o.a.j.t.JMeterThread: Thread finished: Users 1-934
2026-06-06 17:40:25,791 INFO o.a.j.t.JMeterThread: Stopping because end time detected by thread: Users 1-979
2026-06-06 17:40:25,791 INFO o.a.j.t.JMeterThread: Thread finished: Users 1-979
2026-06-06 17:40:25,792 INFO o.a.j.t.JMeterThread: Stopping because end time detected by thread: Users 1-204
2026-06-06 17:40:25,792 INFO o.a.j.t.JMeterThread: Thread finished: Users 1-204
2026-06-06 17:40:25,793 INFO o.a.j.t.JMeterThread: Stopping because end time detected by thread: Users 1-620
2026-06-06 17:40:25,793 INFO o.a.j.t.JMeterThread: Thread finished: Users 1-620
2026-06-06 17:40:25,794 INFO o.a.j.t.JMeterThread: Stopping because end time detected by thread: Users 1-474
2026-06-06 17:40:25,794 INFO o.a.j.t.JMeterThread: Thread finished: Users 1-474
2026-06-06 17:40:25,795 INFO o.a.j.t.JMeterThread: Stopping because end time detected by thread: Users 1-355
2026-06-06 17:40:25,795 INFO o.a.j.t.JMeterThread: Thread finished: Users 1-355
2026-06-06 17:40:25,796 INFO o.a.j.t.JMeterThread: Stopping because end time detected by thread: Users 1-23
2026-06-06 17:40:25,796 INFO o.a.j.t.JMeterThread: Thread finished: Users 1-23
2026-06-06 17:40:25,797 INFO o.a.j.t.JMeterThread: Stopping because end time detected by thread: Users 1-822
2026-06-06 17:40:25,797 INFO o.a.j.t.JMeterThread: Thread finished: Users 1-822
2026-06-06 17:40:25,798 INFO o.a.j.t.JMeterThread: Stopping because end time detected by thread: Users 1-167
2026-06-06 17:40:25,798 INFO o.a.j.t.JMeterThread: Thread finished: Users 1-167
2026-06-06 17:40:25,799 INFO o.a.j.t.JMeterThread: Stopping because end time detected by thread: Users 1-387
2026-06-06 17:40:25,799 INFO o.a.j.t.JMeterThread: Thread finished: Users 1-387
2026-06-06 17:40:25,800 INFO o.a.j.t.JMeterThread: Stopping because end time detected by thread: Users 1-43
2026-06-06 17:40:25,800 INFO o.a.j.t.JMeterThread: Thread finished: Users 1-43
2026-06-06 17:40:25,801 INFO o.a.j.t.JMeterThread: Stopping because end time detected by thread: Users 1-341
2026-06-06 17:40:25,801 INFO o.a.j.t.JMeterThread: Thread finished: Users 1-341
2026-06-06 17:40:25,802 INFO o.a.j.t.JMeterThread: Stopping because end time detected by thread: Users 1-856
2026-06-06 17:40:25,802 INFO o.a.j.t.JMeterThread: Thread finished: Users 1-856
2026-06-06 17:40:25,803 INFO o.a.j.t.JMeterThread: Stopping because end time detected by thread: Users 1-758
2026-06-06 17:40:25,803 INFO o.a.j.t.JMeterThread: Thread finished: Users 1-758
2026-06-06 17:40:25,804 INFO o.a.j.t.JMeterThread: Stopping because end time detected by thread: Users 1-181
2026-06-06 17:40:25,804 INFO o.a.j.t.JMeterThread: Thread finished: Users 1-181
2026-06-06 17:40:25,805 INFO o.a.j.t.JMeterThread: Stopping because end time detected by thread: Users 1-90
2026-06-06 17:40:25,805 INFO o.a.j.t.JMeterThread: Thread finished: Users 1-90
2026-06-06 17:40:25,806 INFO o.a.j.t.JMeterThread: Stopping because end time detected by thread: Users 1-493
2026-06-06 17:40:25,806 INFO o.a.j.t.JMeterThread: Thread finished: Users 1-493
2026-06-06 17:40:25,807 INFO o.a.j.t.JMeterThread: Stopping because end time detected by thread: Users 1-935
2026-06-06 17:40:25,807 INFO o.a.j.t.JMeterThread: Thread finished: Users 1-935
2026-06-06 17:40:25,808 INFO o.a.j.t.JMeterThread: Stopping because end time detected by thread: Users 1-169
2026-06-06 17:40:25,808 INFO o.a.j.t.JMeterThread: Thread finished: Users 1-169
2026-06-06 17:40:25,809 INFO o.a.j.t.JMeterThread: Stopping because end time detected by thread: Users 1-723
2026-06-06 17:40:25,809 INFO o.a.j.t.JMeterThread: Thread finished: Users 1-723
2026-06-06 17:40:25,810 INFO o.a.j.t.JMeterThread: Stopping because end time detected by thread: Users 1-791
2026-06-06 17:40:25,810 INFO o.a.j.t.JMeterThread: Thread finished: Users 1-791
2026-06-06 17:40:25,811 INFO o.a.j.t.JMeterThread: Stopping because end time detected by thread: Users 1-213
2026-06-06 17:40:25,811 INFO o.a.j.t.JMeterThread: Thread finished: Users 1-213
2026-06-06 17:40:25,812 INFO o.a.j.t.JMeterThread: Stopping because end time detected by thread: Users 1-553
2026-06-06 17:40:25,813 INFO o.a.j.t.JMeterThread: Thread finished: Users 1-553
2026-06-06 17:40:25,814 INFO o.a.j.t.JMeterThread: Stopping because end time detected by thread: Users 1-145
2026-06-06 17:40:25,814 INFO o.a.j.t.JMeterThread: Thread finished: Users 1-145
2026-06-06 17:40:25,815 INFO o.a.j.t.JMeterThread: Stopping because end time detected by thread: Users 1-980
2026-06-06 17:40:25,815 INFO o.a.j.t.JMeterThread: Thread finished: Users 1-980
2026-06-06 17:40:25,816 INFO o.a.j.t.JMeterThread: Stopping because end time detected by thread: Users 1-100
2026-06-06 17:40:25,816 INFO o.a.j.t.JMeterThread: Thread finished: Users 1-100
2026-06-06 17:40:25,817 INFO o.a.j.t.JMeterThread: Stopping because end time detected by thread: Users 1-532
2026-06-06 17:40:25,817 INFO o.a.j.t.JMeterThread: Thread finished: Users 1-532
2026-06-06 17:40:25,818 INFO o.a.j.t.JMeterThread: Stopping because end time detected by thread: Users 1-598
2026-06-06 17:40:25,818 INFO o.a.j.t.JMeterThread: Thread finished: Users 1-598
2026-06-06 17:40:25,819 INFO o.a.j.t.JMeterThread: Stopping because end time detected by thread: Users 1-694
2026-06-06 17:40:25,819 INFO o.a.j.t.JMeterThread: Thread finished: Users 1-694
2026-06-06 17:40:25,820 INFO o.a.j.t.JMeterThread: Stopping because end time detected by thread: Users 1-644
2026-06-06 17:40:25,820 INFO o.a.j.t.JMeterThread: Thread finished: Users 1-644
2026-06-06 17:40:25,821 INFO o.a.j.t.JMeterThread: Stopping because end time detected by thread: Users 1-372
2026-06-06 17:40:25,821 INFO o.a.j.t.JMeterThread: Thread finished: Users 1-372
2026-06-06 17:40:25,822 INFO o.a.j.t.JMeterThread: Stopping because end time detected by thread: Users 1-857
2026-06-06 17:40:25,822 INFO o.a.j.t.JMeterThread: Thread finished: Users 1-857
2026-06-06 17:40:25,823 INFO o.a.j.t.JMeterThread: Stopping because end time detected by thread: Users 1-936
2026-06-06 17:40:25,823 INFO o.a.j.t.JMeterThread: Thread finished: Users 1-936
2026-06-06 17:40:25,824 INFO o.a.j.t.JMeterThread: Stopping because end time detected by thread: Users 1-759
2026-06-06 17:40:25,824 INFO o.a.j.t.JMeterThread: Thread finished: Users 1-759
2026-06-06 17:40:25,825 INFO o.a.j.t.JMeterThread: Stopping because end time detected by thread: Users 1-669
2026-06-06 17:40:25,825 INFO o.a.j.t.JMeterThread: Thread finished: Users 1-669
2026-06-06 17:40:25,826 INFO o.a.j.t.JMeterThread: Stopping because end time detected by thread: Users 1-574
2026-06-06 17:40:25,826 INFO o.a.j.t.JMeterThread: Thread finished: Users 1-574
2026-06-06 17:40:25,827 INFO o.a.j.t.JMeterThread: Stopping because end time detected by thread: Users 1-422
2026-06-06 17:40:25,827 INFO o.a.j.t.JMeterThread: Thread finished: Users 1-422
2026-06-06 17:40:25,828 INFO o.a.j.t.JMeterThread: Stopping because end time detected by thread: Users 1-405
2026-06-06 17:40:25,828 INFO o.a.j.t.JMeterThread: Thread finished: Users 1-405
2026-06-06 17:40:25,829 INFO o.a.j.t.JMeterThread: Stopping because end time detected by thread: Users 1-259
2026-06-06 17:40:25,829 INFO o.a.j.t.JMeterThread: Thread finished: Users 1-259
2026-06-06 17:40:25,830 INFO o.a.j.t.JMeterThread: Stopping because end time detected by thread: Users 1-269
2026-06-06 17:40:25,830 INFO o.a.j.t.JMeterThread: Thread finished: Users 1-269
2026-06-06 17:40:25,831 INFO o.a.j.t.JMeterThread: Stopping because end time detected by thread: Users 1-457
2026-06-06 17:40:25,831 INFO o.a.j.t.JMeterThread: Thread finished: Users 1-457
2026-06-06 17:40:25,832 INFO o.a.j.t.JMeterThread: Stopping because end time detected by thread: Users 1-823
2026-06-06 17:40:25,832 INFO o.a.j.t.JMeterThread: Thread finished: Users 1-823
2026-06-06 17:40:25,833 INFO o.a.j.t.JMeterThread: Stopping because end time detected by thread: Users 1-513
2026-06-06 17:40:25,833 INFO o.a.j.t.JMeterThread: Thread finished: Users 1-513
2026-06-06 17:40:25,834 INFO o.a.j.t.JMeterThread: Stopping because end time detected by thread: Users 1-197
2026-06-06 17:40:25,834 INFO o.a.j.t.JMeterThread: Thread finished: Users 1-197
2026-06-06 17:40:25,835 INFO o.a.j.t.JMeterThread: Stopping because end time detected by thread: Users 1-475
2026-06-06 17:40:25,835 INFO o.a.j.t.JMeterThread: Thread finished: Users 1-475
2026-06-06 17:40:25,836 INFO o.a.j.t.JMeterThread: Stopping because end time detected by thread: Users 1-440
2026-06-06 17:40:25,836 INFO o.a.j.t.JMeterThread: Thread finished: Users 1-440
2026-06-06 17:40:25,837 INFO o.a.j.t.JMeterThread: Stopping because end time detected by thread: Users 1-724
2026-06-06 17:40:25,837 INFO o.a.j.t.JMeterThread: Thread finished: Users 1-724
2026-06-06 17:40:25,838 INFO o.a.j.t.JMeterThread: Stopping because end time detected by thread: Users 1-792
2026-06-06 17:40:25,838 INFO o.a.j.t.JMeterThread: Thread finished: Users 1-792
2026-06-06 17:40:25,838 INFO o.a.j.t.JMeterThread: Stopping because end time detected by thread: Users 1-621
2026-06-06 17:40:25,838 INFO o.a.j.t.JMeterThread: Thread finished: Users 1-621
2026-06-06 17:40:25,839 INFO o.a.j.t.JMeterThread: Stopping because end time detected by thread: Users 1-305
2026-06-06 17:40:25,839 INFO o.a.j.t.JMeterThread: Thread finished: Users 1-305
2026-06-06 17:40:25,840 INFO o.a.j.t.JMeterThread: Stopping because end time detected by thread: Users 1-981
2026-06-06 17:40:25,840 INFO o.a.j.t.JMeterThread: Thread finished: Users 1-981
2026-06-06 17:40:25,841 INFO o.a.j.t.JMeterThread: Stopping because end time detected by thread: Users 1-760
2026-06-06 17:40:25,841 INFO o.a.j.t.JMeterThread: Thread finished: Users 1-760
2026-06-06 17:40:25,842 INFO o.a.j.t.JMeterThread: Stopping because end time detected by thread: Users 1-222
2026-06-06 17:40:25,842 INFO o.a.j.t.JMeterThread: Thread finished: Users 1-222
2026-06-06 17:40:25,843 INFO o.a.j.t.JMeterThread: Stopping because end time detected by thread: Users 1-250
2026-06-06 17:40:25,843 INFO o.a.j.t.JMeterThread: Thread finished: Users 1-250
2026-06-06 17:40:25,844 INFO o.a.j.t.JMeterThread: Stopping because end time detected by thread: Users 1-937
2026-06-06 17:40:25,844 INFO o.a.j.t.JMeterThread: Thread finished: Users 1-937
2026-06-06 17:40:25,845 INFO o.a.j.t.JMeterThread: Stopping because end time detected by thread: Users 1-317
2026-06-06 17:40:25,845 INFO o.a.j.t.JMeterThread: Thread finished: Users 1-317
2026-06-06 17:40:25,846 INFO o.a.j.t.JMeterThread: Stopping because end time detected by thread: Users 1-133
2026-06-06 17:40:25,846 INFO o.a.j.t.JMeterThread: Thread finished: Users 1-133
2026-06-06 17:40:25,847 INFO o.a.j.t.JMeterThread: Stopping because end time detected by thread: Users 1-71
2026-06-06 17:40:25,847 INFO o.a.j.t.JMeterThread: Thread finished: Users 1-71
2026-06-06 17:40:25,848 INFO o.a.j.t.JMeterThread: Stopping because end time detected by thread: Users 1-5
2026-06-06 17:40:25,848 INFO o.a.j.t.JMeterThread: Thread finished: Users 1-5
2026-06-06 17:40:25,849 INFO o.a.j.t.JMeterThread: Stopping because end time detected by thread: Users 1-329
2026-06-06 17:40:25,849 INFO o.a.j.t.JMeterThread: Thread finished: Users 1-329
2026-06-06 17:40:25,850 INFO o.a.j.t.JMeterThread: Stopping because end time detected by thread: Users 1-175
2026-06-06 17:40:25,850 INFO o.a.j.t.JMeterThread: Thread finished: Users 1-175
2026-06-06 17:40:25,851 INFO o.a.j.t.JMeterThread: Stopping because end time detected by thread: Users 1-280
2026-06-06 17:40:25,851 INFO o.a.j.t.JMeterThread: Thread finished: Users 1-280
2026-06-06 17:40:25,852 INFO o.a.j.t.JMeterThread: Stopping because end time detected by thread: Users 1-858
2026-06-06 17:40:25,852 INFO o.a.j.t.JMeterThread: Thread finished: Users 1-858
2026-06-06 17:40:25,853 INFO o.a.j.t.JMeterThread: Stopping because end time detected by thread: Users 1-163
2026-06-06 17:40:25,853 INFO o.a.j.t.JMeterThread: Thread finished: Users 1-163
2026-06-06 17:40:25,854 INFO o.a.j.t.JMeterThread: Stopping because end time detected by thread: Users 1-388
2026-06-06 17:40:25,854 INFO o.a.j.t.JMeterThread: Thread finished: Users 1-388
2026-06-06 17:40:25,855 INFO o.a.j.t.JMeterThread: Stopping because end time detected by thread: Users 1-494
2026-06-06 17:40:25,855 INFO o.a.j.t.JMeterThread: Thread finished: Users 1-494
2026-06-06 17:40:25,855 INFO o.a.j.t.JMeterThread: Stopping because end time detected by thread: Users 1-695
2026-06-06 17:40:25,855 INFO o.a.j.t.JMeterThread: Thread finished: Users 1-695
2026-06-06 17:40:25,856 INFO o.a.j.t.JMeterThread: Stopping because end time detected by thread: Users 1-645
2026-06-06 17:40:25,856 INFO o.a.j.t.JMeterThread: Thread finished: Users 1-645
2026-06-06 17:40:25,857 INFO o.a.j.t.JMeterThread: Stopping because end time detected by thread: Users 1-725
2026-06-06 17:40:25,857 INFO o.a.j.t.JMeterThread: Thread finished: Users 1-725
2026-06-06 17:40:25,858 INFO o.a.j.t.JMeterThread: Stopping because end time detected by thread: Users 1-406
2026-06-06 17:40:25,858 INFO o.a.j.t.JMeterThread: Thread finished: Users 1-406
2026-06-06 17:40:25,860 INFO o.a.j.t.JMeterThread: Stopping because end time detected by thread: Users 1-39
2026-06-06 17:40:25,860 INFO o.a.j.t.JMeterThread: Thread finished: Users 1-39
2026-06-06 17:40:25,860 INFO o.a.j.t.JMeterThread: Stopping because end time detected by thread: Users 1-982
2026-06-06 17:40:25,860 INFO o.a.j.t.JMeterThread: Thread finished: Users 1-982
2026-06-06 17:40:25,861 INFO o.a.j.t.JMeterThread: Stopping because end time detected by thread: Users 1-793
2026-06-06 17:40:25,861 INFO o.a.j.t.JMeterThread: Thread finished: Users 1-793
2026-06-06 17:40:25,862 INFO o.a.j.t.JMeterThread: Stopping because end time detected by thread: Users 1-554
2026-06-06 17:40:25,862 INFO o.a.j.t.JMeterThread: Thread finished: Users 1-554
2026-06-06 17:40:25,863 INFO o.a.j.t.JMeterThread: Stopping because end time detected by thread: Users 1-761
2026-06-06 17:40:25,863 INFO o.a.j.t.JMeterThread: Thread finished: Users 1-761
2026-06-06 17:40:25,864 INFO o.a.j.t.JMeterThread: Stopping because end time detected by thread: Users 1-423
2026-06-06 17:40:25,864 INFO o.a.j.t.JMeterThread: Thread finished: Users 1-423
2026-06-06 17:40:25,865 INFO o.a.j.t.JMeterThread: Stopping because end time detected by thread: Users 1-670
2026-06-06 17:40:25,865 INFO o.a.j.t.JMeterThread: Thread finished: Users 1-670
2026-06-06 17:40:25,866 INFO o.a.j.t.JMeterThread: Stopping because end time detected by thread: Users 1-938
2026-06-06 17:40:25,866 INFO o.a.j.t.JMeterThread: Thread finished: Users 1-938
2026-06-06 17:40:25,867 INFO o.a.j.t.JMeterThread: Stopping because end time detected by thread: Users 1-824
2026-06-06 17:40:25,867 INFO o.a.j.t.JMeterThread: Thread finished: Users 1-824
2026-06-06 17:40:25,868 INFO o.a.j.t.JMeterThread: Stopping because end time detected by thread: Users 1-599
2026-06-06 17:40:25,868 INFO o.a.j.t.JMeterThread: Thread finished: Users 1-599
2026-06-06 17:40:25,869 INFO o.a.j.t.JMeterThread: Stopping because end time detected by thread: Users 1-575
2026-06-06 17:40:25,869 INFO o.a.j.t.JMeterThread: Thread finished: Users 1-575
2026-06-06 17:40:25,870 INFO o.a.j.t.JMeterThread: Stopping because end time detected by thread: Users 1-514
2026-06-06 17:40:25,870 INFO o.a.j.t.JMeterThread: Thread finished: Users 1-514
2026-06-06 17:40:25,871 INFO o.a.j.t.JMeterThread: Stopping because end time detected by thread: Users 1-356
2026-06-06 17:40:25,871 INFO o.a.j.t.JMeterThread: Thread finished: Users 1-356
2026-06-06 17:40:25,872 INFO o.a.j.t.JMeterThread: Stopping because end time detected by thread: Users 1-859
2026-06-06 17:40:25,872 INFO o.a.j.t.JMeterThread: Thread finished: Users 1-859
2026-06-06 17:40:25,873 INFO o.a.j.t.JMeterThread: Stopping because end time detected by thread: Users 1-26
2026-06-06 17:40:25,873 INFO o.a.j.t.JMeterThread: Thread finished: Users 1-26
2026-06-06 17:40:25,874 INFO o.a.j.t.JMeterThread: Stopping because end time detected by thread: Users 1-646
2026-06-06 17:40:25,874 INFO o.a.j.t.JMeterThread: Thread finished: Users 1-646
2026-06-06 17:40:25,875 INFO o.a.j.t.JMeterThread: Stopping because end time detected by thread: Users 1-533
2026-06-06 17:40:25,875 INFO o.a.j.t.JMeterThread: Thread finished: Users 1-533
2026-06-06 17:40:25,876 INFO o.a.j.t.JMeterThread: Stopping because end time detected by thread: Users 1-87
2026-06-06 17:40:25,876 INFO o.a.j.t.JMeterThread: Thread finished: Users 1-87
2026-06-06 17:40:25,877 INFO o.a.j.t.JMeterThread: Stopping because end time detected by thread: Users 1-293
2026-06-06 17:40:25,877 INFO o.a.j.t.JMeterThread: Thread finished: Users 1-293
2026-06-06 17:40:25,878 INFO o.a.j.t.JMeterThread: Stopping because end time detected by thread: Users 1-27
2026-06-06 17:40:25,878 INFO o.a.j.t.JMeterThread: Thread finished: Users 1-27
2026-06-06 17:40:25,879 INFO o.a.j.t.JMeterThread: Stopping because end time detected by thread: Users 1-241
2026-06-06 17:40:25,879 INFO o.a.j.t.JMeterThread: Thread finished: Users 1-241
2026-06-06 17:40:25,880 INFO o.a.j.t.JMeterThread: Stopping because end time detected by thread: Users 1-726
2026-06-06 17:40:25,880 INFO o.a.j.t.JMeterThread: Thread finished: Users 1-726
2026-06-06 17:40:25,881 INFO o.a.j.t.JMeterThread: Stopping because end time detected by thread: Users 1-939
2026-06-06 17:40:25,881 INFO o.a.j.t.JMeterThread: Thread finished: Users 1-939
2026-06-06 17:40:25,882 INFO o.a.j.t.JMeterThread: Stopping because end time detected by thread: Users 1-622
2026-06-06 17:40:25,882 INFO o.a.j.t.JMeterThread: Thread finished: Users 1-622
2026-06-06 17:40:25,883 INFO o.a.j.t.JMeterThread: Stopping because end time detected by thread: Users 1-45
2026-06-06 17:40:25,883 INFO o.a.j.t.JMeterThread: Thread finished: Users 1-45
2026-06-06 17:40:25,884 INFO o.a.j.t.JMeterThread: Stopping because end time detected by thread: Users 1-476
2026-06-06 17:40:25,884 INFO o.a.j.t.JMeterThread: Thread finished: Users 1-476
2026-06-06 17:40:25,885 INFO o.a.j.t.JMeterThread: Stopping because end time detected by thread: Users 1-983
2026-06-06 17:40:25,885 INFO o.a.j.t.JMeterThread: Thread finished: Users 1-983
2026-06-06 17:40:25,886 INFO o.a.j.t.JMeterThread: Stopping because end time detected by thread: Users 1-25
2026-06-06 17:40:25,886 INFO o.a.j.t.JMeterThread: Thread finished: Users 1-25
2026-06-06 17:40:25,887 INFO o.a.j.t.JMeterThread: Stopping because end time detected by thread: Users 1-373
2026-06-06 17:40:25,887 INFO o.a.j.t.JMeterThread: Thread finished: Users 1-373
2026-06-06 17:40:25,888 INFO o.a.j.t.JMeterThread: Stopping because end time detected by thread: Users 1-342
2026-06-06 17:40:25,888 INFO o.a.j.t.JMeterThread: Thread finished: Users 1-342
2026-06-06 17:40:25,889 INFO o.a.j.t.JMeterThread: Stopping because end time detected by thread: Users 1-458
2026-06-06 17:40:25,889 INFO o.a.j.t.JMeterThread: Thread finished: Users 1-458
2026-06-06 17:40:25,891 INFO o.a.j.t.JMeterThread: Stopping because end time detected by thread: Users 1-231
2026-06-06 17:40:25,891 INFO o.a.j.t.JMeterThread: Thread finished: Users 1-231
2026-06-06 17:40:25,892 INFO o.a.j.t.JMeterThread: Stopping because end time detected by thread: Users 1-104
2026-06-06 17:40:25,892 INFO o.a.j.t.JMeterThread: Thread finished: Users 1-104
2026-06-06 17:40:25,893 INFO o.a.j.t.JMeterThread: Stopping because end time detected by thread: Users 1-18
2026-06-06 17:40:25,893 INFO o.a.j.t.JMeterThread: Thread finished: Users 1-18
2026-06-06 17:40:25,894 INFO o.a.j.t.JMeterThread: Stopping because end time detected by thread: Users 1-794
2026-06-06 17:40:25,894 INFO o.a.j.t.JMeterThread: Thread finished: Users 1-794
2026-06-06 17:40:25,895 INFO o.a.j.t.JMeterThread: Stopping because end time detected by thread: Users 1-441
2026-06-06 17:40:25,895 INFO o.a.j.t.JMeterThread: Thread finished: Users 1-441
2026-06-06 17:40:25,896 INFO o.a.j.t.JMeterThread: Stopping because end time detected by thread: Users 1-762
2026-06-06 17:40:25,896 INFO o.a.j.t.JMeterThread: Thread finished: Users 1-762
2026-06-06 17:40:25,897 INFO o.a.j.t.JMeterThread: Stopping because end time detected by thread: Users 1-860
2026-06-06 17:40:25,897 INFO o.a.j.t.JMeterThread: Thread finished: Users 1-860
2026-06-06 17:40:25,898 INFO o.a.j.t.JMeterThread: Stopping because end time detected by thread: Users 1-49
2026-06-06 17:40:25,898 INFO o.a.j.t.JMeterThread: Thread finished: Users 1-49
2026-06-06 17:40:25,899 INFO o.a.j.t.JMeterThread: Stopping because end time detected by thread: Users 1-696
2026-06-06 17:40:25,899 INFO o.a.j.t.JMeterThread: Thread finished: Users 1-696
2026-06-06 17:40:25,900 INFO o.a.j.t.JMeterThread: Stopping because end time detected by thread: Users 1-825
2026-06-06 17:40:25,901 INFO o.a.j.t.JMeterThread: Thread finished: Users 1-825
2026-06-06 17:40:25,902 INFO o.a.j.t.JMeterThread: Stopping because end time detected by thread: Users 1-940
2026-06-06 17:40:25,902 INFO o.a.j.t.JMeterThread: Thread finished: Users 1-940
2026-06-06 17:40:25,903 INFO o.a.j.t.JMeterThread: Stopping because end time detected by thread: Users 1-128
2026-06-06 17:40:25,903 INFO o.a.j.t.JMeterThread: Thread finished: Users 1-128
2026-06-06 17:40:25,904 INFO o.a.j.t.JMeterThread: Stopping because end time detected by thread: Users 1-140
2026-06-06 17:40:25,904 INFO o.a.j.t.JMeterThread: Thread finished: Users 1-140
2026-06-06 17:40:25,905 INFO o.a.j.t.JMeterThread: Stopping because end time detected by thread: Users 1-53
2026-06-06 17:40:25,905 INFO o.a.j.t.JMeterThread: Thread finished: Users 1-53
2026-06-06 17:40:25,906 INFO o.a.j.t.JMeterThread: Stopping because end time detected by thread: Users 1-984
2026-06-06 17:40:25,906 INFO o.a.j.t.JMeterThread: Thread finished: Users 1-984
2026-06-06 17:40:25,907 INFO o.a.j.t.JMeterThread: Stopping because end time detected by thread: Users 1-389
2026-06-06 17:40:25,907 INFO o.a.j.t.JMeterThread: Thread finished: Users 1-389
2026-06-06 17:40:25,908 INFO o.a.j.t.JMeterThread: Stopping because end time detected by thread: Users 1-515
2026-06-06 17:40:25,908 INFO o.a.j.t.JMeterThread: Thread finished: Users 1-515
2026-06-06 17:40:25,909 INFO o.a.j.t.JMeterThread: Stopping because end time detected by thread: Users 1-151
2026-06-06 17:40:25,909 INFO o.a.j.t.JMeterThread: Thread finished: Users 1-151
2026-06-06 17:40:25,911 INFO o.a.j.t.JMeterThread: Stopping because end time detected by thread: Users 1-671
2026-06-06 17:40:25,911 INFO o.a.j.t.JMeterThread: Thread finished: Users 1-671
2026-06-06 17:40:25,912 INFO o.a.j.t.JMeterThread: Stopping because end time detected by thread: Users 1-727
2026-06-06 17:40:25,912 INFO o.a.j.t.JMeterThread: Thread finished: Users 1-727
2026-06-06 17:40:25,913 INFO o.a.j.t.JMeterThread: Stopping because end time detected by thread: Users 1-108
2026-06-06 17:40:25,913 INFO o.a.j.t.JMeterThread: Thread finished: Users 1-108
2026-06-06 17:40:25,914 INFO o.a.j.t.JMeterThread: Stopping because end time detected by thread: Users 1-270
2026-06-06 17:40:25,914 INFO o.a.j.t.JMeterThread: Thread finished: Users 1-270
2026-06-06 17:40:25,915 INFO o.a.j.t.JMeterThread: Stopping because end time detected by thread: Users 1-205
2026-06-06 17:40:25,915 INFO o.a.j.t.JMeterThread: Thread finished: Users 1-205
2026-06-06 17:40:25,916 INFO o.a.j.t.JMeterThread: Stopping because end time detected by thread: Users 1-647
2026-06-06 17:40:25,916 INFO o.a.j.t.JMeterThread: Thread finished: Users 1-647
2026-06-06 17:40:25,917 INFO o.a.j.t.JMeterThread: Stopping because end time detected by thread: Users 1-600
2026-06-06 17:40:25,917 INFO o.a.j.t.JMeterThread: Thread finished: Users 1-600
2026-06-06 17:40:25,918 INFO o.a.j.t.JMeterThread: Stopping because end time detected by thread: Users 1-576
2026-06-06 17:40:25,919 INFO o.a.j.t.JMeterThread: Thread finished: Users 1-576
2026-06-06 17:40:25,920 INFO o.a.j.t.JMeterThread: Stopping because end time detected by thread: Users 1-495
2026-06-06 17:40:25,920 INFO o.a.j.t.JMeterThread: Thread finished: Users 1-495
2026-06-06 17:40:25,921 INFO o.a.j.t.JMeterThread: Stopping because end time detected by thread: Users 1-555
2026-06-06 17:40:25,921 INFO o.a.j.t.JMeterThread: Thread finished: Users 1-555
2026-06-06 17:40:25,922 INFO o.a.j.t.JMeterThread: Stopping because end time detected by thread: Users 1-534
2026-06-06 17:40:25,922 INFO o.a.j.t.JMeterThread: Thread finished: Users 1-534
2026-06-06 17:40:25,924 INFO o.a.j.t.JMeterThread: Stopping because end time detected by thread: Users 1-407
2026-06-06 17:40:25,924 INFO o.a.j.t.JMeterThread: Thread finished: Users 1-407
2026-06-06 17:40:25,925 INFO o.a.j.t.JMeterThread: Stopping because end time detected by thread: Users 1-318
2026-06-06 17:40:25,925 INFO o.a.j.t.JMeterThread: Thread finished: Users 1-318
2026-06-06 17:40:25,926 INFO o.a.j.t.JMeterThread: Stopping because end time detected by thread: Users 1-763
2026-06-06 17:40:25,926 INFO o.a.j.t.JMeterThread: Thread finished: Users 1-763
2026-06-06 17:40:25,927 INFO o.a.j.t.JMeterThread: Stopping because end time detected by thread: Users 1-477
2026-06-06 17:40:25,927 INFO o.a.j.t.JMeterThread: Thread finished: Users 1-477
2026-06-06 17:40:25,928 INFO o.a.j.t.JMeterThread: Stopping because end time detected by thread: Users 1-861
2026-06-06 17:40:25,928 INFO o.a.j.t.JMeterThread: Thread finished: Users 1-861
2026-06-06 17:40:25,929 INFO o.a.j.t.JMeterThread: Stopping because end time detected by thread: Users 1-281
2026-06-06 17:40:25,929 INFO o.a.j.t.JMeterThread: Thread finished: Users 1-281
2026-06-06 17:40:25,930 INFO o.a.j.t.JMeterThread: Stopping because end time detected by thread: Users 1-795
2026-06-06 17:40:25,930 INFO o.a.j.t.JMeterThread: Thread finished: Users 1-795
2026-06-06 17:40:25,931 INFO o.a.j.t.JMeterThread: Stopping because end time detected by thread: Users 1-189
2026-06-06 17:40:25,931 INFO o.a.j.t.JMeterThread: Thread finished: Users 1-189
2026-06-06 17:40:25,932 INFO o.a.j.t.JMeterThread: Stopping because end time detected by thread: Users 1-941
2026-06-06 17:40:25,932 INFO o.a.j.t.JMeterThread: Thread finished: Users 1-941
2026-06-06 17:40:25,933 INFO o.a.j.t.JMeterThread: Stopping because end time detected by thread: Users 1-424
2026-06-06 17:40:25,933 INFO o.a.j.t.JMeterThread: Thread finished: Users 1-424
2026-06-06 17:40:25,935 INFO o.a.j.t.JMeterThread: Stopping because end time detected by thread: Users 1-623
2026-06-06 17:40:25,935 INFO o.a.j.t.JMeterThread: Thread finished: Users 1-623
2026-06-06 17:40:25,936 INFO o.a.j.t.JMeterThread: Stopping because end time detected by thread: Users 1-182
2026-06-06 17:40:25,936 INFO o.a.j.t.JMeterThread: Thread finished: Users 1-182
2026-06-06 17:40:25,937 INFO o.a.j.t.JMeterThread: Stopping because end time detected by thread: Users 1-306
2026-06-06 17:40:25,937 INFO o.a.j.t.JMeterThread: Thread finished: Users 1-306
2026-06-06 17:40:25,938 INFO o.a.j.t.JMeterThread: Stopping because end time detected by thread: Users 1-985
2026-06-06 17:40:25,938 INFO o.a.j.t.JMeterThread: Thread finished: Users 1-985
2026-06-06 17:40:25,939 INFO o.a.j.t.JMeterThread: Stopping because end time detected by thread: Users 1-260
2026-06-06 17:40:25,939 INFO o.a.j.t.JMeterThread: Thread finished: Users 1-260
2026-06-06 17:40:25,940 INFO o.a.j.t.JMeterThread: Stopping because end time detected by thread: Users 1-116
2026-06-06 17:40:25,940 INFO o.a.j.t.JMeterThread: Thread finished: Users 1-116
2026-06-06 17:40:25,941 INFO o.a.j.t.JMeterThread: Stopping because end time detected by thread: Users 1-826
2026-06-06 17:40:25,941 INFO o.a.j.t.JMeterThread: Thread finished: Users 1-826
2026-06-06 17:40:25,942 INFO o.a.j.t.JMeterThread: Stopping because end time detected by thread: Users 1-214
2026-06-06 17:40:25,942 INFO o.a.j.t.JMeterThread: Thread finished: Users 1-214
2026-06-06 17:40:25,944 INFO o.a.j.t.JMeterThread: Stopping because end time detected by thread: Users 1-357
2026-06-06 17:40:25,944 INFO o.a.j.t.JMeterThread: Thread finished: Users 1-357
2026-06-06 17:40:25,945 INFO o.a.j.t.JMeterThread: Stopping because end time detected by thread: Users 1-697
2026-06-06 17:40:25,945 INFO o.a.j.t.JMeterThread: Thread finished: Users 1-697
2026-06-06 17:40:25,951 INFO o.a.j.t.JMeterThread: Stopping because end time detected by thread: Users 1-672
2026-06-06 17:40:25,951 INFO o.a.j.t.JMeterThread: Thread finished: Users 1-672
2026-06-06 17:40:25,970 INFO o.a.j.t.JMeterThread: Stopping because end time detected by thread: Users 1-330
2026-06-06 17:40:25,970 INFO o.a.j.t.JMeterThread: Thread finished: Users 1-330
2026-06-06 17:40:25,975 INFO o.a.j.t.JMeterThread: Stopping because end time detected by thread: Users 1-223
2026-06-06 17:40:25,975 INFO o.a.j.t.JMeterThread: Thread finished: Users 1-223
2026-06-06 17:40:25,978 INFO o.a.j.t.JMeterThread: Stopping because end time detected by thread: Users 1-158
2026-06-06 17:40:25,978 INFO o.a.j.t.JMeterThread: Thread finished: Users 1-158
2026-06-06 17:40:25,983 INFO o.a.j.t.JMeterThread: Stopping because end time detected by thread: Users 1-251
2026-06-06 17:40:25,983 INFO o.a.j.t.JMeterThread: Thread finished: Users 1-251
2026-06-06 17:40:25,985 INFO o.a.j.t.JMeterThread: Stopping because end time detected by thread: Users 1-764
2026-06-06 17:40:25,985 INFO o.a.j.t.JMeterThread: Thread finished: Users 1-764
2026-06-06 17:40:25,988 INFO o.a.j.t.JMeterThread: Stopping because end time detected by thread: Users 1-728
2026-06-06 17:40:25,988 INFO o.a.j.t.JMeterThread: Thread finished: Users 1-728
2026-06-06 17:40:25,991 INFO o.a.j.t.JMeterThread: Stopping because end time detected by thread: Users 1-516
2026-06-06 17:40:25,991 INFO o.a.j.t.JMeterThread: Thread finished: Users 1-516
2026-06-06 17:40:25,993 INFO o.a.j.t.JMeterThread: Stopping because end time detected by thread: Users 1-294
2026-06-06 17:40:25,993 INFO o.a.j.t.JMeterThread: Thread finished: Users 1-294
2026-06-06 17:40:25,996 INFO o.a.j.t.JMeterThread: Stopping because end time detected by thread: Users 1-6
2026-06-06 17:40:25,996 INFO o.a.j.t.JMeterThread: Thread finished: Users 1-6
2026-06-06 17:40:25,998 INFO o.a.j.t.JMeterThread: Stopping because end time detected by thread: Users 1-942
2026-06-06 17:40:25,998 INFO o.a.j.t.JMeterThread: Thread finished: Users 1-942
2026-06-06 17:40:26,002 INFO o.a.j.t.JMeterThread: Stopping because end time detected by thread: Users 1-601
2026-06-06 17:40:26,002 INFO o.a.j.t.JMeterThread: Thread finished: Users 1-601
2026-06-06 17:40:26,004 INFO o.a.j.t.JMeterThread: Stopping because end time detected by thread: Users 1-648
2026-06-06 17:40:26,004 INFO o.a.j.t.JMeterThread: Thread finished: Users 1-648
2026-06-06 17:40:26,007 INFO o.a.j.t.JMeterThread: Stopping because end time detected by thread: Users 1-459
2026-06-06 17:40:26,007 INFO o.a.j.t.JMeterThread: Thread finished: Users 1-459
2026-06-06 17:40:26,010 INFO o.a.j.t.JMeterThread: Stopping because end time detected by thread: Users 1-862
2026-06-06 17:40:26,010 INFO o.a.j.t.JMeterThread: Thread finished: Users 1-862
2026-06-06 17:40:26,013 INFO o.a.j.t.JMeterThread: Stopping because end time detected by thread: Users 1-374
2026-06-06 17:40:26,013 INFO o.a.j.t.JMeterThread: Thread finished: Users 1-374
2026-06-06 17:40:26,015 INFO o.a.j.t.JMeterThread: Stopping because end time detected by thread: Users 1-442
2026-06-06 17:40:26,015 INFO o.a.j.t.JMeterThread: Thread finished: Users 1-442
2026-06-06 17:40:26,017 INFO o.a.j.t.JMeterThread: Stopping because end time detected by thread: Users 1-986
2026-06-06 17:40:26,017 INFO o.a.j.t.JMeterThread: Thread finished: Users 1-986
2026-06-06 17:40:26,018 INFO o.a.j.t.JMeterThread: Stopping because end time detected by thread: Users 1-62
2026-06-06 17:40:26,018 INFO o.a.j.t.JMeterThread: Thread finished: Users 1-62
2026-06-06 17:40:26,021 INFO o.a.j.t.JMeterThread: Stopping because end time detected by thread: Users 1-343
2026-06-06 17:40:26,021 INFO o.a.j.t.JMeterThread: Thread finished: Users 1-343
2026-06-06 17:40:26,024 INFO o.a.j.t.JMeterThread: Stopping because end time detected by thread: Users 1-796
2026-06-06 17:40:26,024 INFO o.a.j.t.JMeterThread: Thread finished: Users 1-796
2026-06-06 17:40:26,028 INFO o.a.j.t.JMeterThread: Stopping because end time detected by thread: Users 1-146
2026-06-06 17:40:26,028 INFO o.a.j.t.JMeterThread: Thread finished: Users 1-146
2026-06-06 17:40:26,031 INFO o.a.j.t.JMeterThread: Stopping because end time detected by thread: Users 1-827
2026-06-06 17:40:26,031 INFO o.a.j.t.JMeterThread: Thread finished: Users 1-827
2026-06-06 17:40:26,035 INFO o.a.j.t.JMeterThread: Stopping because end time detected by thread: Users 1-390
2026-06-06 17:40:26,035 INFO o.a.j.t.JMeterThread: Thread finished: Users 1-390
2026-06-06 17:40:26,036 INFO o.a.j.t.JMeterThread: Stopping because end time detected by thread: Users 1-577
2026-06-06 17:40:26,036 INFO o.a.j.t.JMeterThread: Thread finished: Users 1-577
2026-06-06 17:40:26,037 INFO o.a.j.t.JMeterThread: Stopping because end time detected by thread: Users 1-556
2026-06-06 17:40:26,037 INFO o.a.j.t.JMeterThread: Thread finished: Users 1-556
2026-06-06 17:40:26,038 INFO o.a.j.t.JMeterThread: Stopping because end time detected by thread: Users 1-496
2026-06-06 17:40:26,038 INFO o.a.j.t.JMeterThread: Thread finished: Users 1-496
2026-06-06 17:40:26,040 INFO o.a.j.t.JMeterThread: Stopping because end time detected by thread: Users 1-478
2026-06-06 17:40:26,040 INFO o.a.j.t.JMeterThread: Thread finished: Users 1-478
2026-06-06 17:40:26,041 INFO o.a.j.t.JMeterThread: Stopping because end time detected by thread: Users 1-624
2026-06-06 17:40:26,041 INFO o.a.j.t.JMeterThread: Thread finished: Users 1-624
2026-06-06 17:40:26,042 INFO o.a.j.t.JMeterThread: Stopping because end time detected by thread: Users 1-97
2026-06-06 17:40:26,042 INFO o.a.j.t.JMeterThread: Thread finished: Users 1-97
2026-06-06 17:40:26,043 INFO o.a.j.t.JMeterThread: Stopping because end time detected by thread: Users 1-33
2026-06-06 17:40:26,043 INFO o.a.j.t.JMeterThread: Thread finished: Users 1-33
2026-06-06 17:40:26,044 INFO o.a.j.t.JMeterThread: Stopping because end time detected by thread: Users 1-729
2026-06-06 17:40:26,044 INFO o.a.j.t.JMeterThread: Thread finished: Users 1-729
2026-06-06 17:40:26,045 INFO o.a.j.t.JMeterThread: Stopping because end time detected by thread: Users 1-765
2026-06-06 17:40:26,045 INFO o.a.j.t.JMeterThread: Thread finished: Users 1-765
2026-06-06 17:40:26,046 INFO o.a.j.t.JMeterThread: Stopping because end time detected by thread: Users 1-122
2026-06-06 17:40:26,046 INFO o.a.j.t.JMeterThread: Thread finished: Users 1-122
2026-06-06 17:40:26,047 INFO o.a.j.t.JMeterThread: Stopping because end time detected by thread: Users 1-943
2026-06-06 17:40:26,047 INFO o.a.j.t.JMeterThread: Thread finished: Users 1-943
2026-06-06 17:40:26,048 INFO o.a.j.t.JMeterThread: Stopping because end time detected by thread: Users 1-198
2026-06-06 17:40:26,048 INFO o.a.j.t.JMeterThread: Thread finished: Users 1-198
2026-06-06 17:40:26,049 INFO o.a.j.t.JMeterThread: Stopping because end time detected by thread: Users 1-698
2026-06-06 17:40:26,049 INFO o.a.j.t.JMeterThread: Thread finished: Users 1-698
2026-06-06 17:40:26,050 INFO o.a.j.t.JMeterThread: Stopping because end time detected by thread: Users 1-535
2026-06-06 17:40:26,050 INFO o.a.j.t.JMeterThread: Thread finished: Users 1-535
2026-06-06 17:40:26,051 INFO o.a.j.t.JMeterThread: Stopping because end time detected by thread: Users 1-408
2026-06-06 17:40:26,051 INFO o.a.j.t.JMeterThread: Thread finished: Users 1-408
2026-06-06 17:40:26,052 INFO o.a.j.t.JMeterThread: Stopping because end time detected by thread: Users 1-134
2026-06-06 17:40:26,052 INFO o.a.j.t.JMeterThread: Thread finished: Users 1-134
2026-06-06 17:40:26,054 INFO o.a.j.t.JMeterThread: Stopping because end time detected by thread: Users 1-863
2026-06-06 17:40:26,054 INFO o.a.j.t.JMeterThread: Thread finished: Users 1-863
2026-06-06 17:40:26,055 INFO o.a.j.t.JMeterThread: Stopping because end time detected by thread: Users 1-112
2026-06-06 17:40:26,055 INFO o.a.j.t.JMeterThread: Thread finished: Users 1-112
2026-06-06 17:40:26,056 INFO o.a.j.t.JMeterThread: Stopping because end time detected by thread: Users 1-242
2026-06-06 17:40:26,056 INFO o.a.j.t.JMeterThread: Thread finished: Users 1-242
2026-06-06 17:40:26,057 INFO o.a.j.t.JMeterThread: Stopping because end time detected by thread: Users 1-987
2026-06-06 17:40:26,057 INFO o.a.j.t.JMeterThread: Thread finished: Users 1-987
2026-06-06 17:40:26,058 INFO o.a.j.t.JMeterThread: Stopping because end time detected by thread: Users 1-673
2026-06-06 17:40:26,058 INFO o.a.j.t.JMeterThread: Thread finished: Users 1-673
2026-06-06 17:40:26,059 INFO o.a.j.t.JMeterThread: Stopping because end time detected by thread: Users 1-170
2026-06-06 17:40:26,059 INFO o.a.j.t.JMeterThread: Thread finished: Users 1-170
2026-06-06 17:40:26,061 INFO o.a.j.t.JMeterThread: Stopping because end time detected by thread: Users 1-176
2026-06-06 17:40:26,061 INFO o.a.j.t.JMeterThread: Thread finished: Users 1-176
2026-06-06 17:40:26,062 INFO o.a.j.t.JMeterThread: Stopping because end time detected by thread: Users 1-797
2026-06-06 17:40:26,062 INFO o.a.j.t.JMeterThread: Thread finished: Users 1-797
2026-06-06 17:40:26,063 INFO o.a.j.t.JMeterThread: Stopping because end time detected by thread: Users 1-19
2026-06-06 17:40:26,063 INFO o.a.j.t.JMeterThread: Thread finished: Users 1-19
2026-06-06 17:40:26,064 INFO o.a.j.t.JMeterThread: Stopping because end time detected by thread: Users 1-425
2026-06-06 17:40:26,064 INFO o.a.j.t.JMeterThread: Thread finished: Users 1-425
2026-06-06 17:40:26,065 INFO o.a.j.t.JMeterThread: Stopping because end time detected by thread: Users 1-828
2026-06-06 17:40:26,065 INFO o.a.j.t.JMeterThread: Thread finished: Users 1-828
2026-06-06 17:40:26,066 INFO o.a.j.t.JMeterThread: Stopping because end time detected by thread: Users 1-56
2026-06-06 17:40:26,066 INFO o.a.j.t.JMeterThread: Thread finished: Users 1-56
2026-06-06 17:40:26,067 INFO o.a.j.t.JMeterThread: Stopping because end time detected by thread: Users 1-232
2026-06-06 17:40:26,067 INFO o.a.j.t.JMeterThread: Thread finished: Users 1-232
2026-06-06 17:40:26,068 INFO o.a.j.t.JMeterThread: Stopping because end time detected by thread: Users 1-517
2026-06-06 17:40:26,068 INFO o.a.j.t.JMeterThread: Thread finished: Users 1-517
2026-06-06 17:40:26,069 INFO o.a.j.t.JMeterThread: Stopping because end time detected by thread: Users 1-282
2026-06-06 17:40:26,069 INFO o.a.j.t.JMeterThread: Thread finished: Users 1-282
2026-06-06 17:40:26,070 INFO o.a.j.t.JMeterThread: Stopping because end time detected by thread: Users 1-649
2026-06-06 17:40:26,070 INFO o.a.j.t.JMeterThread: Thread finished: Users 1-649
2026-06-06 17:40:26,071 INFO o.a.j.t.JMeterThread: Stopping because end time detected by thread: Users 1-602
2026-06-06 17:40:26,071 INFO o.a.j.t.JMeterThread: Thread finished: Users 1-602
2026-06-06 17:40:26,073 INFO o.a.j.t.JMeterThread: Stopping because end time detected by thread: Users 1-625
2026-06-06 17:40:26,073 INFO o.a.j.t.JMeterThread: Thread finished: Users 1-625
2026-06-06 17:40:26,074 INFO o.a.j.t.JMeterThread: Stopping because end time detected by thread: Users 1-944
2026-06-06 17:40:26,074 INFO o.a.j.t.JMeterThread: Thread finished: Users 1-944
2026-06-06 17:40:26,075 INFO o.a.j.t.JMeterThread: Stopping because end time detected by thread: Users 1-84
2026-06-06 17:40:26,075 INFO o.a.j.t.JMeterThread: Thread finished: Users 1-84
2026-06-06 17:40:26,076 INFO o.a.j.t.JMeterThread: Stopping because end time detected by thread: Users 1-164
2026-06-06 17:40:26,076 INFO o.a.j.t.JMeterThread: Thread finished: Users 1-164
2026-06-06 17:40:26,077 INFO o.a.j.t.JMeterThread: Stopping because end time detected by thread: Users 1-766
2026-06-06 17:40:26,077 INFO o.a.j.t.JMeterThread: Thread finished: Users 1-766
2026-06-06 17:40:26,078 INFO o.a.j.t.JMeterThread: Stopping because end time detected by thread: Users 1-344
2026-06-06 17:40:26,078 INFO o.a.j.t.JMeterThread: Thread finished: Users 1-344
2026-06-06 17:40:26,079 INFO o.a.j.t.JMeterThread: Stopping because end time detected by thread: Users 1-479
2026-06-06 17:40:26,079 INFO o.a.j.t.JMeterThread: Thread finished: Users 1-479
2026-06-06 17:40:26,080 INFO o.a.j.t.JMeterThread: Stopping because end time detected by thread: Users 1-578
2026-06-06 17:40:26,080 INFO o.a.j.t.JMeterThread: Thread finished: Users 1-578
2026-06-06 17:40:26,081 INFO o.a.j.t.JMeterThread: Stopping because end time detected by thread: Users 1-730
2026-06-06 17:40:26,081 INFO o.a.j.t.JMeterThread: Thread finished: Users 1-730
2026-06-06 17:40:26,082 INFO o.a.j.t.JMeterThread: Stopping because end time detected by thread: Users 1-72
2026-06-06 17:40:26,082 INFO o.a.j.t.JMeterThread: Thread finished: Users 1-72
2026-06-06 17:40:26,083 INFO o.a.j.t.JMeterThread: Stopping because end time detected by thread: Users 1-123
2026-06-06 17:40:26,083 INFO o.a.j.t.JMeterThread: Thread finished: Users 1-123
2026-06-06 17:40:26,084 INFO o.a.j.t.JMeterThread: Stopping because end time detected by thread: Users 1-988
2026-06-06 17:40:26,084 INFO o.a.j.t.JMeterThread: Thread finished: Users 1-988
2026-06-06 17:40:26,086 INFO o.a.j.t.JMeterThread: Stopping because end time detected by thread: Users 1-319
2026-06-06 17:40:26,086 INFO o.a.j.t.JMeterThread: Thread finished: Users 1-319
2026-06-06 17:40:26,087 INFO o.a.j.t.JMeterThread: Stopping because end time detected by thread: Users 1-798
2026-06-06 17:40:26,087 INFO o.a.j.t.JMeterThread: Thread finished: Users 1-798
2026-06-06 17:40:26,088 INFO o.a.j.t.JMeterThread: Stopping because end time detected by thread: Users 1-15
2026-06-06 17:40:26,088 INFO o.a.j.t.JMeterThread: Thread finished: Users 1-15
2026-06-06 17:40:26,089 INFO o.a.j.t.JMeterThread: Stopping because end time detected by thread: Users 1-864
2026-06-06 17:40:26,089 INFO o.a.j.t.JMeterThread: Thread finished: Users 1-864
2026-06-06 17:40:26,090 INFO o.a.j.t.JMeterThread: Stopping because end time detected by thread: Users 1-460
2026-06-06 17:40:26,090 INFO o.a.j.t.JMeterThread: Thread finished: Users 1-460
2026-06-06 17:40:26,091 INFO o.a.j.t.JMeterThread: Stopping because end time detected by thread: Users 1-497
2026-06-06 17:40:26,091 INFO o.a.j.t.JMeterThread: Thread finished: Users 1-497
2026-06-06 17:40:26,092 INFO o.a.j.t.JMeterThread: Stopping because end time detected by thread: Users 1-391
2026-06-06 17:40:26,092 INFO o.a.j.t.JMeterThread: Thread finished: Users 1-391
2026-06-06 17:40:26,093 INFO o.a.j.t.JMeterThread: Stopping because end time detected by thread: Users 1-699
2026-06-06 17:40:26,093 INFO o.a.j.t.JMeterThread: Thread finished: Users 1-699
2026-06-06 17:40:26,094 INFO o.a.j.t.JMeterThread: Stopping because end time detected by thread: Users 1-557
2026-06-06 17:40:26,094 INFO o.a.j.t.JMeterThread: Thread finished: Users 1-557
2026-06-06 17:40:26,095 INFO o.a.j.t.JMeterThread: Stopping because end time detected by thread: Users 1-307
2026-06-06 17:40:26,095 INFO o.a.j.t.JMeterThread: Thread finished: Users 1-307
2026-06-06 17:40:26,097 INFO o.a.j.t.JMeterThread: Stopping because end time detected by thread: Users 1-375
2026-06-06 17:40:26,097 INFO o.a.j.t.JMeterThread: Thread finished: Users 1-375
2026-06-06 17:40:26,098 INFO o.a.j.t.JMeterThread: Stopping because end time detected by thread: Users 1-331
2026-06-06 17:40:26,098 INFO o.a.j.t.JMeterThread: Thread finished: Users 1-331
2026-06-06 17:40:26,099 INFO o.a.j.t.JMeterThread: Stopping because end time detected by thread: Users 1-674
2026-06-06 17:40:26,099 INFO o.a.j.t.JMeterThread: Thread finished: Users 1-674
2026-06-06 17:40:26,100 INFO o.a.j.t.JMeterThread: Stopping because end time detected by thread: Users 1-443
2026-06-06 17:40:26,100 INFO o.a.j.t.JMeterThread: Thread finished: Users 1-443
2026-06-06 17:40:26,101 INFO o.a.j.t.JMeterThread: Stopping because end time detected by thread: Users 1-945
2026-06-06 17:40:26,101 INFO o.a.j.t.JMeterThread: Thread finished: Users 1-945
2026-06-06 17:40:26,102 INFO o.a.j.t.JMeterThread: Stopping because end time detected by thread: Users 1-271
2026-06-06 17:40:26,102 INFO o.a.j.t.JMeterThread: Thread finished: Users 1-271
2026-06-06 17:40:26,103 INFO o.a.j.t.JMeterThread: Stopping because end time detected by thread: Users 1-829
2026-06-06 17:40:26,103 INFO o.a.j.t.JMeterThread: Thread finished: Users 1-829
2026-06-06 17:40:26,104 INFO o.a.j.t.JMeterThread: Stopping because end time detected by thread: Users 1-358
2026-06-06 17:40:26,104 INFO o.a.j.t.JMeterThread: Thread finished: Users 1-358
2026-06-06 17:40:26,105 INFO o.a.j.t.JMeterThread: Stopping because end time detected by thread: Users 1-536
2026-06-06 17:40:26,105 INFO o.a.j.t.JMeterThread: Thread finished: Users 1-536
2026-06-06 17:40:26,106 INFO o.a.j.t.JMeterThread: Stopping because end time detected by thread: Users 1-261
2026-06-06 17:40:26,106 INFO o.a.j.t.JMeterThread: Thread finished: Users 1-261
2026-06-06 17:40:26,107 INFO o.a.j.t.JMeterThread: Stopping because end time detected by thread: Users 1-799
2026-06-06 17:40:26,107 INFO o.a.j.t.JMeterThread: Thread finished: Users 1-799
2026-06-06 17:40:26,108 INFO o.a.j.t.JMeterThread: Stopping because end time detected by thread: Users 1-8
2026-06-06 17:40:26,108 INFO o.a.j.t.JMeterThread: Thread finished: Users 1-8
2026-06-06 17:40:26,109 INFO o.a.j.t.JMeterThread: Stopping because end time detected by thread: Users 1-409
2026-06-06 17:40:26,109 INFO o.a.j.t.JMeterThread: Thread finished: Users 1-409
2026-06-06 17:40:26,110 INFO o.a.j.t.JMeterThread: Stopping because end time detected by thread: Users 1-603
2026-06-06 17:40:26,110 INFO o.a.j.t.JMeterThread: Thread finished: Users 1-603
2026-06-06 17:40:26,112 INFO o.a.j.t.JMeterThread: Stopping because end time detected by thread: Users 1-243
2026-06-06 17:40:26,112 INFO o.a.j.t.JMeterThread: Thread finished: Users 1-243
2026-06-06 17:40:26,113 INFO o.a.j.t.JMeterThread: Stopping because end time detected by thread: Users 1-989
2026-06-06 17:40:26,113 INFO o.a.j.t.JMeterThread: Thread finished: Users 1-989
2026-06-06 17:40:26,114 INFO o.a.j.t.JMeterThread: Stopping because end time detected by thread: Users 1-224
2026-06-06 17:40:26,114 INFO o.a.j.t.JMeterThread: Thread finished: Users 1-224
2026-06-06 17:40:26,115 INFO o.a.j.t.JMeterThread: Stopping because end time detected by thread: Users 1-650
2026-06-06 17:40:26,115 INFO o.a.j.t.JMeterThread: Thread finished: Users 1-650
2026-06-06 17:40:26,116 INFO o.a.j.t.JMeterThread: Stopping because end time detected by thread: Users 1-767
2026-06-06 17:40:26,116 INFO o.a.j.t.JMeterThread: Thread finished: Users 1-767
2026-06-06 17:40:26,117 INFO o.a.j.t.JMeterThread: Stopping because end time detected by thread: Users 1-295
2026-06-06 17:40:26,117 INFO o.a.j.t.JMeterThread: Thread finished: Users 1-295
2026-06-06 17:40:26,118 INFO o.a.j.t.JMeterThread: Stopping because end time detected by thread: Users 1-426
2026-06-06 17:40:26,118 INFO o.a.j.t.JMeterThread: Thread finished: Users 1-426
2026-06-06 17:40:26,119 INFO o.a.j.t.JMeterThread: Stopping because end time detected by thread: Users 1-731
2026-06-06 17:40:26,119 INFO o.a.j.t.JMeterThread: Thread finished: Users 1-731
2026-06-06 17:40:26,120 INFO o.a.j.t.JMeterThread: Stopping because end time detected by thread: Users 1-626
2026-06-06 17:40:26,120 INFO o.a.j.t.JMeterThread: Thread finished: Users 1-626
2026-06-06 17:40:26,121 INFO o.a.j.t.JMeterThread: Stopping because end time detected by thread: Users 1-865
2026-06-06 17:40:26,121 INFO o.a.j.t.JMeterThread: Thread finished: Users 1-865
2026-06-06 17:40:26,123 INFO o.a.j.t.JMeterThread: Stopping because end time detected by thread: Users 1-59
2026-06-06 17:40:26,123 INFO o.a.j.t.JMeterThread: Thread finished: Users 1-59
2026-06-06 17:40:26,124 INFO o.a.j.t.JMeterThread: Stopping because end time detected by thread: Users 1-558
2026-06-06 17:40:26,124 INFO o.a.j.t.JMeterThread: Thread finished: Users 1-558
2026-06-06 17:40:26,125 INFO o.a.j.t.JMeterThread: Stopping because end time detected by thread: Users 1-11
2026-06-06 17:40:26,125 INFO o.a.j.t.JMeterThread: Thread finished: Users 1-11
2026-06-06 17:40:26,126 INFO o.a.j.t.JMeterThread: Stopping because end time detected by thread: Users 1-946
2026-06-06 17:40:26,126 INFO o.a.j.t.JMeterThread: Thread finished: Users 1-946
2026-06-06 17:40:26,127 INFO o.a.j.t.JMeterThread: Stopping because end time detected by thread: Users 1-480
2026-06-06 17:40:26,127 INFO o.a.j.t.JMeterThread: Thread finished: Users 1-480
2026-06-06 17:40:26,128 INFO o.a.j.t.JMeterThread: Stopping because end time detected by thread: Users 1-700
2026-06-06 17:40:26,128 INFO o.a.j.t.JMeterThread: Thread finished: Users 1-700
2026-06-06 17:40:26,129 INFO o.a.j.t.JMeterThread: Stopping because end time detected by thread: Users 1-518
2026-06-06 17:40:26,129 INFO o.a.j.t.JMeterThread: Thread finished: Users 1-518
2026-06-06 17:40:26,130 INFO o.a.j.t.JMeterThread: Stopping because end time detected by thread: Users 1-800
2026-06-06 17:40:26,130 INFO o.a.j.t.JMeterThread: Thread finished: Users 1-800
2026-06-06 17:40:26,131 INFO o.a.j.t.JMeterThread: Stopping because end time detected by thread: Users 1-94
2026-06-06 17:40:26,131 INFO o.a.j.t.JMeterThread: Thread finished: Users 1-94
2026-06-06 17:40:26,132 INFO o.a.j.t.JMeterThread: Stopping because end time detected by thread: Users 1-579
2026-06-06 17:40:26,132 INFO o.a.j.t.JMeterThread: Thread finished: Users 1-579
2026-06-06 17:40:26,133 INFO o.a.j.t.JMeterThread: Stopping because end time detected by thread: Users 1-252
2026-06-06 17:40:26,133 INFO o.a.j.t.JMeterThread: Thread finished: Users 1-252
2026-06-06 17:40:26,134 INFO o.a.j.t.JMeterThread: Stopping because end time detected by thread: Users 1-152
2026-06-06 17:40:26,134 INFO o.a.j.t.JMeterThread: Thread finished: Users 1-152
2026-06-06 17:40:26,135 INFO o.a.j.t.JMeterThread: Stopping because end time detected by thread: Users 1-283
2026-06-06 17:40:26,135 INFO o.a.j.t.JMeterThread: Thread finished: Users 1-283
2026-06-06 17:40:26,136 INFO o.a.j.t.JMeterThread: Stopping because end time detected by thread: Users 1-47
2026-06-06 17:40:26,136 INFO o.a.j.t.JMeterThread: Thread finished: Users 1-47
2026-06-06 17:40:26,137 INFO o.a.j.t.JMeterThread: Stopping because end time detected by thread: Users 1-206
2026-06-06 17:40:26,137 INFO o.a.j.t.JMeterThread: Thread finished: Users 1-206
2026-06-06 17:40:26,138 INFO o.a.j.t.JMeterThread: Stopping because end time detected by thread: Users 1-215
2026-06-06 17:40:26,138 INFO o.a.j.t.JMeterThread: Thread finished: Users 1-215
2026-06-06 17:40:26,139 INFO o.a.j.t.JMeterThread: Stopping because end time detected by thread: Users 1-675
2026-06-06 17:40:26,139 INFO o.a.j.t.JMeterThread: Thread finished: Users 1-675
2026-06-06 17:40:26,140 INFO o.a.j.t.JMeterThread: Stopping because end time detected by thread: Users 1-830
2026-06-06 17:40:26,140 INFO o.a.j.t.JMeterThread: Thread finished: Users 1-830
2026-06-06 17:40:26,141 INFO o.a.j.t.JMeterThread: Stopping because end time detected by thread: Users 1-78
2026-06-06 17:40:26,141 INFO o.a.j.t.JMeterThread: Thread finished: Users 1-78
2026-06-06 17:40:26,142 INFO o.a.j.t.JMeterThread: Stopping because end time detected by thread: Users 1-498
2026-06-06 17:40:26,142 INFO o.a.j.t.JMeterThread: Thread finished: Users 1-498
2026-06-06 17:40:26,143 INFO o.a.j.t.JMeterThread: Stopping because end time detected by thread: Users 1-990
2026-06-06 17:40:26,143 INFO o.a.j.t.JMeterThread: Thread finished: Users 1-990
2026-06-06 17:40:26,144 INFO o.a.j.t.JMeterThread: Stopping because end time detected by thread: Users 1-345
2026-06-06 17:40:26,144 INFO o.a.j.t.JMeterThread: Thread finished: Users 1-345
2026-06-06 17:40:26,145 INFO o.a.j.t.JMeterThread: Stopping because end time detected by thread: Users 1-75
2026-06-06 17:40:26,145 INFO o.a.j.t.JMeterThread: Thread finished: Users 1-75
2026-06-06 17:40:26,146 INFO o.a.j.t.JMeterThread: Stopping because end time detected by thread: Users 1-732
2026-06-06 17:40:26,146 INFO o.a.j.t.JMeterThread: Thread finished: Users 1-732
2026-06-06 17:40:26,147 INFO o.a.j.t.JMeterThread: Stopping because end time detected by thread: Users 1-461
2026-06-06 17:40:26,147 INFO o.a.j.t.JMeterThread: Thread finished: Users 1-461
2026-06-06 17:40:26,148 INFO o.a.j.t.JMeterThread: Stopping because end time detected by thread: Users 1-332
2026-06-06 17:40:26,148 INFO o.a.j.t.JMeterThread: Thread finished: Users 1-332
2026-06-06 17:40:26,149 INFO o.a.j.t.JMeterThread: Stopping because end time detected by thread: Users 1-537
2026-06-06 17:40:26,149 INFO o.a.j.t.JMeterThread: Thread finished: Users 1-537
2026-06-06 17:40:26,150 INFO o.a.j.t.JMeterThread: Stopping because end time detected by thread: Users 1-947
2026-06-06 17:40:26,150 INFO o.a.j.t.JMeterThread: Thread finished: Users 1-947
2026-06-06 17:40:26,151 INFO o.a.j.t.JMeterThread: Stopping because end time detected by thread: Users 1-768
2026-06-06 17:40:26,151 INFO o.a.j.t.JMeterThread: Thread finished: Users 1-768
2026-06-06 17:40:26,152 INFO o.a.j.t.JMeterThread: Stopping because end time detected by thread: Users 1-866
2026-06-06 17:40:26,152 INFO o.a.j.t.JMeterThread: Thread finished: Users 1-866
2026-06-06 17:40:26,154 INFO o.a.j.t.JMeterThread: Stopping because end time detected by thread: Users 1-141
2026-06-06 17:40:26,154 INFO o.a.j.t.JMeterThread: Thread finished: Users 1-141
2026-06-06 17:40:26,155 INFO o.a.j.t.JMeterThread: Stopping because end time detected by thread: Users 1-392
2026-06-06 17:40:26,155 INFO o.a.j.t.JMeterThread: Thread finished: Users 1-392
2026-06-06 17:40:26,156 INFO o.a.j.t.JMeterThread: Stopping because end time detected by thread: Users 1-651
2026-06-06 17:40:26,156 INFO o.a.j.t.JMeterThread: Thread finished: Users 1-651
2026-06-06 17:40:26,157 INFO o.a.j.t.JMeterThread: Stopping because end time detected by thread: Users 1-444
2026-06-06 17:40:26,157 INFO o.a.j.t.JMeterThread: Thread finished: Users 1-444
2026-06-06 17:40:26,158 INFO o.a.j.t.JMeterThread: Stopping because end time detected by thread: Users 1-190
2026-06-06 17:40:26,158 INFO o.a.j.t.JMeterThread: Thread finished: Users 1-190
2026-06-06 17:40:26,158 INFO o.a.j.t.JMeterThread: Stopping because end time detected by thread: Users 1-604
2026-06-06 17:40:26,158 INFO o.a.j.t.JMeterThread: Thread finished: Users 1-604
2026-06-06 17:40:26,159 INFO o.a.j.t.JMeterThread: Stopping because end time detected by thread: Users 1-81
2026-06-06 17:40:26,159 INFO o.a.j.t.JMeterThread: Thread finished: Users 1-81
2026-06-06 17:40:26,160 INFO o.a.j.t.JMeterThread: Stopping because end time detected by thread: Users 1-129
2026-06-06 17:40:26,160 INFO o.a.j.t.JMeterThread: Thread finished: Users 1-129
2026-06-06 17:40:26,162 INFO o.a.j.t.JMeterThread: Stopping because end time detected by thread: Users 1-410
2026-06-06 17:40:26,162 INFO o.a.j.t.JMeterThread: Thread finished: Users 1-410
2026-06-06 17:40:26,162 INFO o.a.j.t.JMeterThread: Stopping because end time detected by thread: Users 1-801
2026-06-06 17:40:26,162 INFO o.a.j.t.JMeterThread: Thread finished: Users 1-801
2026-06-06 17:40:26,163 INFO o.a.j.t.JMeterThread: Stopping because end time detected by thread: Users 1-183
2026-06-06 17:40:26,163 INFO o.a.j.t.JMeterThread: Thread finished: Users 1-183
2026-06-06 17:40:26,164 INFO o.a.j.t.JMeterThread: Stopping because end time detected by thread: Users 1-701
2026-06-06 17:40:26,164 INFO o.a.j.t.JMeterThread: Thread finished: Users 1-701
2026-06-06 17:40:26,165 INFO o.a.j.t.JMeterThread: Stopping because end time detected by thread: Users 1-627
2026-06-06 17:40:26,165 INFO o.a.j.t.JMeterThread: Thread finished: Users 1-627
2026-06-06 17:40:26,166 INFO o.a.j.t.JMeterThread: Stopping because end time detected by thread: Users 1-376
2026-06-06 17:40:26,166 INFO o.a.j.t.JMeterThread: Thread finished: Users 1-376
2026-06-06 17:40:26,167 INFO o.a.j.t.JMeterThread: Stopping because end time detected by thread: Users 1-101
2026-06-06 17:40:26,167 INFO o.a.j.t.JMeterThread: Thread finished: Users 1-101
2026-06-06 17:40:26,168 INFO o.a.j.t.JMeterThread: Stopping because end time detected by thread: Users 1-991
2026-06-06 17:40:26,168 INFO o.a.j.t.JMeterThread: Thread finished: Users 1-991
2026-06-06 17:40:26,169 INFO o.a.j.t.JMeterThread: Stopping because end time detected by thread: Users 1-65
2026-06-06 17:40:26,169 INFO o.a.j.t.JMeterThread: Thread finished: Users 1-65
2026-06-06 17:40:26,170 INFO o.a.j.t.JMeterThread: Stopping because end time detected by thread: Users 1-359
2026-06-06 17:40:26,170 INFO o.a.j.t.JMeterThread: Thread finished: Users 1-359
2026-06-06 17:40:26,171 INFO o.a.j.t.JMeterThread: Stopping because end time detected by thread: Users 1-427
2026-06-06 17:40:26,171 INFO o.a.j.t.JMeterThread: Thread finished: Users 1-427
2026-06-06 17:40:26,172 INFO o.a.j.t.JMeterThread: Stopping because end time detected by thread: Users 1-199
2026-06-06 17:40:26,172 INFO o.a.j.t.JMeterThread: Thread finished: Users 1-199
2026-06-06 17:40:26,173 INFO o.a.j.t.JMeterThread: Stopping because end time detected by thread: Users 1-831
2026-06-06 17:40:26,173 INFO o.a.j.t.JMeterThread: Thread finished: Users 1-831
2026-06-06 17:40:26,174 INFO o.a.j.t.JMeterThread: Stopping because end time detected by thread: Users 1-948
2026-06-06 17:40:26,174 INFO o.a.j.t.JMeterThread: Thread finished: Users 1-948
2026-06-06 17:40:26,175 INFO o.a.j.t.JMeterThread: Stopping because end time detected by thread: Users 1-769
2026-06-06 17:40:26,175 INFO o.a.j.t.JMeterThread: Thread finished: Users 1-769
2026-06-06 17:40:26,176 INFO o.a.j.t.JMeterThread: Stopping because end time detected by thread: Users 1-36
2026-06-06 17:40:26,176 INFO o.a.j.t.JMeterThread: Thread finished: Users 1-36
2026-06-06 17:40:26,177 INFO o.a.j.t.JMeterThread: Stopping because end time detected by thread: Users 1-867
2026-06-06 17:40:26,177 INFO o.a.j.t.JMeterThread: Thread finished: Users 1-867
2026-06-06 17:40:26,178 INFO o.a.j.t.JMeterThread: Stopping because end time detected by thread: Users 1-733
2026-06-06 17:40:26,178 INFO o.a.j.t.JMeterThread: Thread finished: Users 1-733
2026-06-06 17:40:26,179 INFO o.a.j.t.JMeterThread: Stopping because end time detected by thread: Users 1-580
2026-06-06 17:40:26,179 INFO o.a.j.t.JMeterThread: Thread finished: Users 1-580
2026-06-06 17:40:26,180 INFO o.a.j.t.JMeterThread: Stopping because end time detected by thread: Users 1-320
2026-06-06 17:40:26,180 INFO o.a.j.t.JMeterThread: Thread finished: Users 1-320
2026-06-06 17:40:26,181 INFO o.a.j.t.JMeterThread: Stopping because end time detected by thread: Users 1-676
2026-06-06 17:40:26,181 INFO o.a.j.t.JMeterThread: Thread finished: Users 1-676
2026-06-06 17:40:26,182 INFO o.a.j.t.JMeterThread: Stopping because end time detected by thread: Users 1-559
2026-06-06 17:40:26,182 INFO o.a.j.t.JMeterThread: Thread finished: Users 1-559
2026-06-06 17:40:26,183 INFO o.a.j.t.JMeterThread: Stopping because end time detected by thread: Users 1-519
2026-06-06 17:40:26,183 INFO o.a.j.t.JMeterThread: Thread finished: Users 1-519
2026-06-06 17:40:26,184 INFO o.a.j.t.JMeterThread: Stopping because end time detected by thread: Users 1-2
2026-06-06 17:40:26,184 INFO o.a.j.t.JMeterThread: Thread finished: Users 1-2
2026-06-06 17:40:26,185 INFO o.a.j.t.JMeterThread: Stopping because end time detected by thread: Users 1-481
2026-06-06 17:40:26,185 INFO o.a.j.t.JMeterThread: Thread finished: Users 1-481
2026-06-06 17:40:26,186 INFO o.a.j.t.JMeterThread: Stopping because end time detected by thread: Users 1-538
2026-06-06 17:40:26,186 INFO o.a.j.t.JMeterThread: Thread finished: Users 1-538
2026-06-06 17:40:26,187 INFO o.a.j.t.JMeterThread: Stopping because end time detected by thread: Users 1-117
2026-06-06 17:40:26,187 INFO o.a.j.t.JMeterThread: Thread finished: Users 1-117
2026-06-06 17:40:26,188 INFO o.a.j.t.JMeterThread: Stopping because end time detected by thread: Users 1-581
2026-06-06 17:40:26,188 INFO o.a.j.t.JMeterThread: Thread finished: Users 1-581
2026-06-06 17:40:26,188 INFO o.a.j.t.JMeterThread: Stopping because end time detected by thread: Users 1-91
2026-06-06 17:40:26,188 INFO o.a.j.t.JMeterThread: Thread finished: Users 1-91
2026-06-06 17:40:26,189 INFO o.a.j.t.JMeterThread: Stopping because end time detected by thread: Users 1-652
2026-06-06 17:40:26,190 INFO o.a.j.t.JMeterThread: Thread finished: Users 1-652
2026-06-06 17:40:26,190 INFO o.a.j.t.JMeterThread: Stopping because end time detected by thread: Users 1-233
2026-06-06 17:40:26,190 INFO o.a.j.t.JMeterThread: Thread finished: Users 1-233
2026-06-06 17:40:26,192 INFO o.a.j.t.JMeterThread: Stopping because end time detected by thread: Users 1-802
2026-06-06 17:40:26,192 INFO o.a.j.t.JMeterThread: Thread finished: Users 1-802
2026-06-06 17:40:26,192 INFO o.a.j.t.JMeterThread: Stopping because end time detected by thread: Users 1-171
2026-06-06 17:40:26,192 INFO o.a.j.t.JMeterThread: Thread finished: Users 1-171
2026-06-06 17:40:26,193 INFO o.a.j.t.JMeterThread: Stopping because end time detected by thread: Users 1-992
2026-06-06 17:40:26,193 INFO o.a.j.t.JMeterThread: Thread finished: Users 1-992
2026-06-06 17:40:26,194 INFO o.a.j.t.JMeterThread: Stopping because end time detected by thread: Users 1-308
2026-06-06 17:40:26,194 INFO o.a.j.t.JMeterThread: Thread finished: Users 1-308
2026-06-06 17:40:26,195 INFO o.a.j.t.JMeterThread: Stopping because end time detected by thread: Users 1-333
2026-06-06 17:40:26,195 INFO o.a.j.t.JMeterThread: Thread finished: Users 1-333
2026-06-06 17:40:26,196 INFO o.a.j.t.JMeterThread: Stopping because end time detected by thread: Users 1-605
2026-06-06 17:40:26,196 INFO o.a.j.t.JMeterThread: Thread finished: Users 1-605
2026-06-06 17:40:26,197 INFO o.a.j.t.JMeterThread: Stopping because end time detected by thread: Users 1-499
2026-06-06 17:40:26,197 INFO o.a.j.t.JMeterThread: Thread finished: Users 1-499
2026-06-06 17:40:26,198 INFO o.a.j.t.JMeterThread: Stopping because end time detected by thread: Users 1-702
2026-06-06 17:40:26,198 INFO o.a.j.t.JMeterThread: Thread finished: Users 1-702
2026-06-06 17:40:26,199 INFO o.a.j.t.JMeterThread: Stopping because end time detected by thread: Users 1-393
2026-06-06 17:40:26,199 INFO o.a.j.t.JMeterThread: Thread finished: Users 1-393
2026-06-06 17:40:26,200 INFO o.a.j.t.JMeterThread: Stopping because end time detected by thread: Users 1-868
2026-06-06 17:40:26,200 INFO o.a.j.t.JMeterThread: Thread finished: Users 1-868
2026-06-06 17:40:26,201 INFO o.a.j.t.JMeterThread: Stopping because end time detected by thread: Users 1-949
2026-06-06 17:40:26,201 INFO o.a.j.t.JMeterThread: Thread finished: Users 1-949
2026-06-06 17:40:26,202 INFO o.a.j.t.JMeterThread: Stopping because end time detected by thread: Users 1-272
2026-06-06 17:40:26,202 INFO o.a.j.t.JMeterThread: Thread finished: Users 1-272
2026-06-06 17:40:26,203 INFO o.a.j.t.JMeterThread: Stopping because end time detected by thread: Users 1-770
2026-06-06 17:40:26,203 INFO o.a.j.t.JMeterThread: Thread finished: Users 1-770
2026-06-06 17:40:26,204 INFO o.a.j.t.JMeterThread: Stopping because end time detected by thread: Users 1-296
2026-06-06 17:40:26,204 INFO o.a.j.t.JMeterThread: Thread finished: Users 1-296
2026-06-06 17:40:26,205 INFO o.a.j.t.JMeterThread: Stopping because end time detected by thread: Users 1-159
2026-06-06 17:40:26,205 INFO o.a.j.t.JMeterThread: Thread finished: Users 1-159
2026-06-06 17:40:26,206 INFO o.a.j.t.JMeterThread: Stopping because end time detected by thread: Users 1-832
2026-06-06 17:40:26,206 INFO o.a.j.t.JMeterThread: Thread finished: Users 1-832
2026-06-06 17:40:26,207 INFO o.a.j.t.JMeterThread: Stopping because end time detected by thread: Users 1-628
2026-06-06 17:40:26,207 INFO o.a.j.t.JMeterThread: Thread finished: Users 1-628
2026-06-06 17:40:26,208 INFO o.a.j.t.JMeterThread: Stopping because end time detected by thread: Users 1-346
2026-06-06 17:40:26,208 INFO o.a.j.t.JMeterThread: Thread finished: Users 1-346
2026-06-06 17:40:26,209 INFO o.a.j.t.JMeterThread: Stopping because end time detected by thread: Users 1-177
2026-06-06 17:40:26,209 INFO o.a.j.t.JMeterThread: Thread finished: Users 1-177
2026-06-06 17:40:26,210 INFO o.a.j.t.JMeterThread: Stopping because end time detected by thread: Users 1-462
2026-06-06 17:40:26,210 INFO o.a.j.t.JMeterThread: Thread finished: Users 1-462
2026-06-06 17:40:26,211 INFO o.a.j.t.JMeterThread: Stopping because end time detected by thread: Users 1-284
2026-06-06 17:40:26,211 INFO o.a.j.t.JMeterThread: Thread finished: Users 1-284
2026-06-06 17:40:26,212 INFO o.a.j.t.JMeterThread: Stopping because end time detected by thread: Users 1-445
2026-06-06 17:40:26,212 INFO o.a.j.t.JMeterThread: Thread finished: Users 1-445
2026-06-06 17:40:26,213 INFO o.a.j.t.JMeterThread: Stopping because end time detected by thread: Users 1-734
2026-06-06 17:40:26,213 INFO o.a.j.t.JMeterThread: Thread finished: Users 1-734
2026-06-06 17:40:26,214 INFO o.a.j.t.JMeterThread: Stopping because end time detected by thread: Users 1-20
2026-06-06 17:40:26,214 INFO o.a.j.t.JMeterThread: Thread finished: Users 1-20
2026-06-06 17:40:26,215 INFO o.a.j.t.JMeterThread: Stopping because end time detected by thread: Users 1-147
2026-06-06 17:40:26,215 INFO o.a.j.t.JMeterThread: Thread finished: Users 1-147
2026-06-06 17:40:26,216 INFO o.a.j.t.JMeterThread: Stopping because end time detected by thread: Users 1-262
2026-06-06 17:40:26,216 INFO o.a.j.t.JMeterThread: Thread finished: Users 1-262
2026-06-06 17:40:26,217 INFO o.a.j.t.JMeterThread: Stopping because end time detected by thread: Users 1-993
2026-06-06 17:40:26,217 INFO o.a.j.t.JMeterThread: Thread finished: Users 1-993
2026-06-06 17:40:26,219 INFO o.a.j.t.JMeterThread: Stopping because end time detected by thread: Users 1-244
2026-06-06 17:40:26,219 INFO o.a.j.t.JMeterThread: Thread finished: Users 1-244
2026-06-06 17:40:26,220 INFO o.a.j.t.JMeterThread: Stopping because end time detected by thread: Users 1-950
2026-06-06 17:40:26,220 INFO o.a.j.t.JMeterThread: Thread finished: Users 1-950
2026-06-06 17:40:26,221 INFO o.a.j.t.JMeterThread: Stopping because end time detected by thread: Users 1-677
2026-06-06 17:40:26,221 INFO o.a.j.t.JMeterThread: Thread finished: Users 1-677
2026-06-06 17:40:26,222 INFO o.a.j.t.JMeterThread: Stopping because end time detected by thread: Users 1-803
2026-06-06 17:40:26,222 INFO o.a.j.t.JMeterThread: Thread finished: Users 1-803
2026-06-06 17:40:26,223 INFO o.a.j.t.JMeterThread: Stopping because end time detected by thread: Users 1-135
2026-06-06 17:40:26,223 INFO o.a.j.t.JMeterThread: Thread finished: Users 1-135
2026-06-06 17:40:26,224 INFO o.a.j.t.JMeterThread: Stopping because end time detected by thread: Users 1-411
2026-06-06 17:40:26,224 INFO o.a.j.t.JMeterThread: Thread finished: Users 1-411
2026-06-06 17:40:26,225 INFO o.a.j.t.JMeterThread: Stopping because end time detected by thread: Users 1-32
2026-06-06 17:40:26,225 INFO o.a.j.t.JMeterThread: Thread finished: Users 1-32
2026-06-06 17:40:26,226 INFO o.a.j.t.JMeterThread: Stopping because end time detected by thread: Users 1-253
2026-06-06 17:40:26,226 INFO o.a.j.t.JMeterThread: Thread finished: Users 1-253
2026-06-06 17:40:26,227 INFO o.a.j.t.JMeterThread: Stopping because end time detected by thread: Users 1-560
2026-06-06 17:40:26,227 INFO o.a.j.t.JMeterThread: Thread finished: Users 1-560
2026-06-06 17:40:26,228 INFO o.a.j.t.JMeterThread: Stopping because end time detected by thread: Users 1-653
2026-06-06 17:40:26,228 INFO o.a.j.t.JMeterThread: Thread finished: Users 1-653
2026-06-06 17:40:26,229 INFO o.a.j.t.JMeterThread: Stopping because end time detected by thread: Users 1-582
2026-06-06 17:40:26,229 INFO o.a.j.t.JMeterThread: Thread finished: Users 1-582
2026-06-06 17:40:26,230 INFO o.a.j.t.JMeterThread: Stopping because end time detected by thread: Users 1-216
2026-06-06 17:40:26,230 INFO o.a.j.t.JMeterThread: Thread finished: Users 1-216
2026-06-06 17:40:26,231 INFO o.a.j.t.JMeterThread: Stopping because end time detected by thread: Users 1-539
2026-06-06 17:40:26,231 INFO o.a.j.t.JMeterThread: Thread finished: Users 1-539
2026-06-06 17:40:26,232 INFO o.a.j.t.JMeterThread: Stopping because end time detected by thread: Users 1-703
2026-06-06 17:40:26,232 INFO o.a.j.t.JMeterThread: Thread finished: Users 1-703
2026-06-06 17:40:26,233 INFO o.a.j.t.JMeterThread: Stopping because end time detected by thread: Users 1-869
2026-06-06 17:40:26,233 INFO o.a.j.t.JMeterThread: Thread finished: Users 1-869
2026-06-06 17:40:26,234 INFO o.a.j.t.JMeterThread: Stopping because end time detected by thread: Users 1-225
2026-06-06 17:40:26,234 INFO o.a.j.t.JMeterThread: Thread finished: Users 1-225
2026-06-06 17:40:26,235 INFO o.a.j.t.JMeterThread: Stopping because end time detected by thread: Users 1-833
2026-06-06 17:40:26,235 INFO o.a.j.t.JMeterThread: Thread finished: Users 1-833
2026-06-06 17:40:26,236 INFO o.a.j.t.JMeterThread: Stopping because end time detected by thread: Users 1-428
2026-06-06 17:40:26,236 INFO o.a.j.t.JMeterThread: Thread finished: Users 1-428
2026-06-06 17:40:26,237 INFO o.a.j.t.JMeterThread: Stopping because end time detected by thread: Users 1-520
2026-06-06 17:40:26,237 INFO o.a.j.t.JMeterThread: Thread finished: Users 1-520
2026-06-06 17:40:26,237 INFO o.a.j.t.JMeterThread: Stopping because end time detected by thread: Users 1-771
2026-06-06 17:40:26,238 INFO o.a.j.t.JMeterThread: Thread finished: Users 1-771
2026-06-06 17:40:26,239 INFO o.a.j.t.JMeterThread: Stopping because end time detected by thread: Users 1-153
2026-06-06 17:40:26,239 INFO o.a.j.t.JMeterThread: Thread finished: Users 1-153
2026-06-06 17:40:26,240 INFO o.a.j.t.JMeterThread: Stopping because end time detected by thread: Users 1-377
2026-06-06 17:40:26,240 INFO o.a.j.t.JMeterThread: Thread finished: Users 1-377
2026-06-06 17:40:26,240 INFO o.a.j.t.JMeterThread: Stopping because end time detected by thread: Users 1-105
2026-06-06 17:40:26,240 INFO o.a.j.t.JMeterThread: Thread finished: Users 1-105
2026-06-06 17:40:26,241 INFO o.a.j.t.JMeterThread: Stopping because end time detected by thread: Users 1-606
2026-06-06 17:40:26,242 INFO o.a.j.t.JMeterThread: Thread finished: Users 1-606
2026-06-06 17:40:26,242 INFO o.a.j.t.JMeterThread: Stopping because end time detected by thread: Users 1-994
2026-06-06 17:40:26,242 INFO o.a.j.t.JMeterThread: Thread finished: Users 1-994
2026-06-06 17:40:26,243 INFO o.a.j.t.JMeterThread: Stopping because end time detected by thread: Users 1-735
2026-06-06 17:40:26,243 INFO o.a.j.t.JMeterThread: Thread finished: Users 1-735
2026-06-06 17:40:26,245 INFO o.a.j.t.JMeterThread: Stopping because end time detected by thread: Users 1-88
2026-06-06 17:40:26,245 INFO o.a.j.t.JMeterThread: Thread finished: Users 1-88
2026-06-06 17:40:26,246 INFO o.a.j.t.JMeterThread: Stopping because end time detected by thread: Users 1-951
2026-06-06 17:40:26,246 INFO o.a.j.t.JMeterThread: Thread finished: Users 1-951
2026-06-06 17:40:26,247 INFO o.a.j.t.JMeterThread: Stopping because end time detected by thread: Users 1-191
2026-06-06 17:40:26,247 INFO o.a.j.t.JMeterThread: Thread finished: Users 1-191
2026-06-06 17:40:26,248 INFO o.a.j.t.JMeterThread: Stopping because end time detected by thread: Users 1-124
2026-06-06 17:40:26,248 INFO o.a.j.t.JMeterThread: Thread finished: Users 1-124
2026-06-06 17:40:26,249 INFO o.a.j.t.JMeterThread: Stopping because end time detected by thread: Users 1-500
2026-06-06 17:40:26,249 INFO o.a.j.t.JMeterThread: Thread finished: Users 1-500
2026-06-06 17:40:26,250 INFO o.a.j.t.JMeterThread: Stopping because end time detected by thread: Users 1-482
2026-06-06 17:40:26,250 INFO o.a.j.t.JMeterThread: Thread finished: Users 1-482
2026-06-06 17:40:26,251 INFO o.a.j.t.JMeterThread: Stopping because end time detected by thread: Users 1-165
2026-06-06 17:40:26,251 INFO o.a.j.t.JMeterThread: Thread finished: Users 1-165
2026-06-06 17:40:26,252 INFO o.a.j.t.JMeterThread: Stopping because end time detected by thread: Users 1-394
2026-06-06 17:40:26,252 INFO o.a.j.t.JMeterThread: Thread finished: Users 1-394
2026-06-06 17:40:26,253 INFO o.a.j.t.JMeterThread: Stopping because end time detected by thread: Users 1-629
2026-06-06 17:40:26,253 INFO o.a.j.t.JMeterThread: Thread finished: Users 1-629
2026-06-06 17:40:26,254 INFO o.a.j.t.JMeterThread: Stopping because end time detected by thread: Users 1-54
2026-06-06 17:40:26,254 INFO o.a.j.t.JMeterThread: Thread finished: Users 1-54
2026-06-06 17:40:26,255 INFO o.a.j.t.JMeterThread: Stopping because end time detected by thread: Users 1-321
2026-06-06 17:40:26,255 INFO o.a.j.t.JMeterThread: Thread finished: Users 1-321
2026-06-06 17:40:26,256 INFO o.a.j.t.JMeterThread: Stopping because end time detected by thread: Users 1-678
2026-06-06 17:40:26,256 INFO o.a.j.t.JMeterThread: Thread finished: Users 1-678
2026-06-06 17:40:26,257 INFO o.a.j.t.JMeterThread: Stopping because end time detected by thread: Users 1-804
2026-06-06 17:40:26,257 INFO o.a.j.t.JMeterThread: Thread finished: Users 1-804
2026-06-06 17:40:26,272 INFO o.a.j.t.JMeterThread: Stopping because end time detected by thread: Users 1-208
2026-06-06 17:40:26,272 INFO o.a.j.t.JMeterThread: Thread finished: Users 1-208
2026-06-06 17:40:26,273 INFO o.a.j.t.JMeterThread: Stopping because end time detected by thread: Users 1-207
2026-06-06 17:40:26,273 INFO o.a.j.t.JMeterThread: Thread finished: Users 1-207
2026-06-06 17:40:26,274 INFO o.a.j.t.JMeterThread: Stopping because end time detected by thread: Users 1-184
2026-06-06 17:40:26,274 INFO o.a.j.t.JMeterThread: Thread finished: Users 1-184
2026-06-06 17:40:26,275 INFO o.a.j.t.JMeterThread: Stopping because end time detected by thread: Users 1-14
2026-06-06 17:40:26,275 INFO o.a.j.t.JMeterThread: Thread finished: Users 1-14
2026-06-06 17:40:26,276 INFO o.a.j.t.JMeterThread: Stopping because end time detected by thread: Users 1-60
2026-06-06 17:40:26,276 INFO o.a.j.t.JMeterThread: Thread finished: Users 1-60
2026-06-06 17:40:26,277 INFO o.a.j.t.JMeterThread: Stopping because end time detected by thread: Users 1-995
2026-06-06 17:40:26,277 INFO o.a.j.t.JMeterThread: Thread finished: Users 1-995
2026-06-06 17:40:26,278 INFO o.a.j.t.JMeterThread: Stopping because end time detected by thread: Users 1-463
2026-06-06 17:40:26,278 INFO o.a.j.t.JMeterThread: Thread finished: Users 1-463
2026-06-06 17:40:26,279 INFO o.a.j.t.JMeterThread: Stopping because end time detected by thread: Users 1-772
2026-06-06 17:40:26,279 INFO o.a.j.t.JMeterThread: Thread finished: Users 1-772
2026-06-06 17:40:26,280 INFO o.a.j.t.JMeterThread: Stopping because end time detected by thread: Users 1-952
2026-06-06 17:40:26,280 INFO o.a.j.t.JMeterThread: Thread finished: Users 1-952
2026-06-06 17:40:26,281 INFO o.a.j.t.JMeterThread: Stopping because end time detected by thread: Users 1-870
2026-06-06 17:40:26,281 INFO o.a.j.t.JMeterThread: Thread finished: Users 1-870
2026-06-06 17:40:26,282 INFO o.a.j.t.JMeterThread: Stopping because end time detected by thread: Users 1-446
2026-06-06 17:40:26,282 INFO o.a.j.t.JMeterThread: Thread finished: Users 1-446
2026-06-06 17:40:26,283 INFO o.a.j.t.JMeterThread: Stopping because end time detected by thread: Users 1-834
2026-06-06 17:40:26,283 INFO o.a.j.t.JMeterThread: Thread finished: Users 1-834
2026-06-06 17:40:26,284 INFO o.a.j.t.JMeterThread: Stopping because end time detected by thread: Users 1-334
2026-06-06 17:40:26,284 INFO o.a.j.t.JMeterThread: Thread finished: Users 1-334
2026-06-06 17:40:26,285 INFO o.a.j.t.JMeterThread: Stopping because end time detected by thread: Users 1-654
2026-06-06 17:40:26,285 INFO o.a.j.t.JMeterThread: Thread finished: Users 1-654
2026-06-06 17:40:26,286 INFO o.a.j.t.JMeterThread: Stopping because end time detected by thread: Users 1-429
2026-06-06 17:40:26,286 INFO o.a.j.t.JMeterThread: Thread finished: Users 1-429
2026-06-06 17:40:26,286 INFO o.a.j.t.JMeterThread: Stopping because end time detected by thread: Users 1-412
2026-06-06 17:40:26,286 INFO o.a.j.t.JMeterThread: Thread finished: Users 1-412
2026-06-06 17:40:26,287 INFO o.a.j.t.JMeterThread: Stopping because end time detected by thread: Users 1-704
2026-06-06 17:40:26,287 INFO o.a.j.t.JMeterThread: Thread finished: Users 1-704
2026-06-06 17:40:26,288 INFO o.a.j.t.JMeterThread: Stopping because end time detected by thread: Users 1-736
2026-06-06 17:40:26,288 INFO o.a.j.t.JMeterThread: Thread finished: Users 1-736
2026-06-06 17:40:26,289 INFO o.a.j.t.JMeterThread: Stopping because end time detected by thread: Users 1-540
2026-06-06 17:40:26,289 INFO o.a.j.t.JMeterThread: Thread finished: Users 1-540
2026-06-06 17:40:26,290 INFO o.a.j.t.JMeterThread: Stopping because end time detected by thread: Users 1-583
2026-06-06 17:40:26,290 INFO o.a.j.t.JMeterThread: Thread finished: Users 1-583
2026-06-06 17:40:26,291 INFO o.a.j.t.JMeterThread: Stopping because end time detected by thread: Users 1-561
2026-06-06 17:40:26,291 INFO o.a.j.t.JMeterThread: Thread finished: Users 1-561
2026-06-06 17:40:26,292 INFO o.a.j.t.JMeterThread: Stopping because end time detected by thread: Users 1-309
2026-06-06 17:40:26,292 INFO o.a.j.t.JMeterThread: Thread finished: Users 1-309
2026-06-06 17:40:26,293 INFO o.a.j.t.JMeterThread: Stopping because end time detected by thread: Users 1-297
2026-06-06 17:40:26,293 INFO o.a.j.t.JMeterThread: Thread finished: Users 1-297
2026-06-06 17:40:26,294 INFO o.a.j.t.JMeterThread: Stopping because end time detected by thread: Users 1-347
2026-06-06 17:40:26,294 INFO o.a.j.t.JMeterThread: Thread finished: Users 1-347
2026-06-06 17:40:26,295 INFO o.a.j.t.JMeterThread: Stopping because end time detected by thread: Users 1-679
2026-06-06 17:40:26,295 INFO o.a.j.t.JMeterThread: Thread finished: Users 1-679
2026-06-06 17:40:26,296 INFO o.a.j.t.JMeterThread: Stopping because end time detected by thread: Users 1-805
2026-06-06 17:40:26,296 INFO o.a.j.t.JMeterThread: Thread finished: Users 1-805
2026-06-06 17:40:26,297 INFO o.a.j.t.JMeterThread: Stopping because end time detected by thread: Users 1-521
2026-06-06 17:40:26,297 INFO o.a.j.t.JMeterThread: Thread finished: Users 1-521
2026-06-06 17:40:26,297 INFO o.a.j.t.JMeterThread: Stopping because end time detected by thread: Users 1-607
2026-06-06 17:40:26,298 INFO o.a.j.t.JMeterThread: Thread finished: Users 1-607
2026-06-06 17:40:26,298 INFO o.a.j.t.JMeterThread: Stopping because end time detected by thread: Users 1-996
2026-06-06 17:40:26,298 INFO o.a.j.t.JMeterThread: Thread finished: Users 1-996
2026-06-06 17:40:26,299 INFO o.a.j.t.JMeterThread: Stopping because end time detected by thread: Users 1-953
2026-06-06 17:40:26,299 INFO o.a.j.t.JMeterThread: Thread finished: Users 1-953
2026-06-06 17:40:26,300 INFO o.a.j.t.JMeterThread: Stopping because end time detected by thread: Users 1-630
2026-06-06 17:40:26,300 INFO o.a.j.t.JMeterThread: Thread finished: Users 1-630
2026-06-06 17:40:26,301 INFO o.a.j.t.JMeterThread: Stopping because end time detected by thread: Users 1-835
2026-06-06 17:40:26,301 INFO o.a.j.t.JMeterThread: Thread finished: Users 1-835
2026-06-06 17:40:26,302 INFO o.a.j.t.JMeterThread: Stopping because end time detected by thread: Users 1-871
2026-06-06 17:40:26,302 INFO o.a.j.t.JMeterThread: Thread finished: Users 1-871
2026-06-06 17:40:26,303 INFO o.a.j.t.JMeterThread: Stopping because end time detected by thread: Users 1-501
2026-06-06 17:40:26,303 INFO o.a.j.t.JMeterThread: Thread finished: Users 1-501
2026-06-06 17:40:26,304 INFO o.a.j.t.JMeterThread: Stopping because end time detected by thread: Users 1-773
2026-06-06 17:40:26,304 INFO o.a.j.t.JMeterThread: Thread finished: Users 1-773
2026-06-06 17:40:26,305 INFO o.a.j.t.JMeterThread: Stopping because end time detected by thread: Users 1-737
2026-06-06 17:40:26,305 INFO o.a.j.t.JMeterThread: Thread finished: Users 1-737
2026-06-06 17:40:26,306 INFO o.a.j.t.JMeterThread: Stopping because end time detected by thread: Users 1-705
2026-06-06 17:40:26,306 INFO o.a.j.t.JMeterThread: Thread finished: Users 1-705
2026-06-06 17:40:26,307 INFO o.a.j.t.JMeterThread: Stopping because end time detected by thread: Users 1-954
2026-06-06 17:40:26,307 INFO o.a.j.t.JMeterThread: Thread finished: Users 1-954
2026-06-06 17:40:26,308 INFO o.a.j.t.JMeterThread: Stopping because end time detected by thread: Users 1-655
2026-06-06 17:40:26,308 INFO o.a.j.t.JMeterThread: Thread finished: Users 1-655
2026-06-06 17:40:26,309 INFO o.a.j.t.JMeterThread: Stopping because end time detected by thread: Users 1-997
2026-06-06 17:40:26,309 INFO o.a.j.t.JMeterThread: Thread finished: Users 1-997
2026-06-06 17:40:26,310 INFO o.a.j.t.JMeterThread: Stopping because end time detected by thread: Users 1-806
2026-06-06 17:40:26,310 INFO o.a.j.t.JMeterThread: Thread finished: Users 1-806
2026-06-06 17:40:26,310 INFO o.a.j.t.JMeterThread: Stopping because end time detected by thread: Users 1-872
2026-06-06 17:40:26,310 INFO o.a.j.t.JMeterThread: Thread finished: Users 1-872
2026-06-06 17:40:26,311 INFO o.a.j.t.JMeterThread: Stopping because end time detected by thread: Users 1-836
2026-06-06 17:40:26,311 INFO o.a.j.t.JMeterThread: Thread finished: Users 1-836
2026-06-06 17:40:26,312 INFO o.a.j.t.JMeterThread: Stopping because end time detected by thread: Users 1-738
2026-06-06 17:40:26,312 INFO o.a.j.t.JMeterThread: Thread finished: Users 1-738
2026-06-06 17:40:26,313 INFO o.a.j.t.JMeterThread: Stopping because end time detected by thread: Users 1-774
2026-06-06 17:40:26,313 INFO o.a.j.t.JMeterThread: Thread finished: Users 1-774
2026-06-06 17:40:26,314 INFO o.a.j.t.JMeterThread: Stopping because end time detected by thread: Users 1-955
2026-06-06 17:40:26,314 INFO o.a.j.t.JMeterThread: Thread finished: Users 1-955
2026-06-06 17:40:26,315 INFO o.a.j.t.JMeterThread: Stopping because end time detected by thread: Users 1-998
2026-06-06 17:40:26,315 INFO o.a.j.t.JMeterThread: Thread finished: Users 1-998
2026-06-06 17:40:26,315 INFO o.a.j.e.StandardJMeterEngine: Notifying test listeners of end of test
2026-06-06 17:40:26,315 INFO o.a.j.r.Summariser: summary +  19918 in 00:00:26 =  756.9/s Avg:  1322 Min:  1101 Max:  1584 Err:     0 (0.00%) Active: 0 Started: 1000 Finished: 1000
2026-06-06 17:40:26,315 INFO o.a.j.r.Summariser: summary =  46985 in 00:01:01 =  767.6/s Avg:   971 Min:     6 Max:  2483 Err:     0 (0.00%)
